0041400101,-1,-1,18.96587,24.98597,3.48599,0,11.8,None,4
0041400101,1610612737,2594,31.47921,19.13781,0.0,0,11.8,None,4
0041400101,1610612737,200794,9.06616,15.67081,0.0,0,11.8,None,4
0041400101,1610612737,201960,63.95359,22.63628,0.0,0,11.8,None,4
0041400101,1610612737,201143,8.98612,33.59107,0.0,0,11.8,None,4
0041400101,1610612737,201952,19.71713,25.05918,0.0,0,11.8,None,4
0041400101,1610612751,2207,6.4466,33.34162,0.0,0,11.8,None,4
0041400101,1610612751,101187,12.66301,16.23804,0.0,0,11.8,None,4
0041400101,1610612751,101114,26.62111,39.93158,0.0,0,11.8,None,4
0041400101,1610612751,201152,6.35612,15.82113,0.0,0,11.8,None,4
0041400101,1610612751,202711,28.97274,13.13621,0.0,0,11.8,None,4
0041400101,-1,-1,19.04956,25.0399,3.55034,1,11.8,None,4
0041400101,1610612737,2594,31.43134,19.15296,0.0,1,11.8,None,4
0041400101,1610612737,200794,9.04749,15.67603,0.0,1,11.8,None,4
0041400101,1610612737,201960,63.95319,22.63648,0.0,1,11.8,None,4
0041400101,1610612737,201143,8.98947,33.58315,0.0,1,11.8,None,4
0041400101,1610612737,201952,19.70709,25.0746,0.0,1,11.8,None,4
0041400101,1610612751,2207,6.4471,33.28807,0.0,1,11.8,None,4
0041400101,1610612751,101187,12.67486,16.26322,0.0,1,11.8,None,4
0041400101,1610612751,101114,26.6318,39.91623,0.0,1,11.8,None,4
0041400101,1610612751,201152,6.41355,15.88706,0.0,1,11.8,None,4
0041400101,1610612751,202711,28.95834,13.16484,0.0,1,11.8,None,4
0041400101,-1,-1,19.01303,25.03734,3.53773,2,11.8,None,4
0041400101,1610612737,2594,31.3853,19.16798,0.0,2,11.8,None,4
0041400101,1610612737,200794,9.03131,15.68233,0.0,2,11.8,None,4
0041400101,1610612737,201960,63.95231,22.63695,0.0,2,11.8,None,4
0041400101,1610612737,201143,8.99148,33.57785,0.0,2,11.8,None,4
0041400101,1610612737,201952,19.69758,25.08963,0.0,2,11.8,None,4
0041400101,1610612751,2207,6.44627,33.23261,0.0,2,11.8,None,4
0041400101,1610612751,101187,12.68638,16.28279,0.0,2,11.8,None,4
0041400101,1610612751,101114,26.64096,39.90422,0.0,2,11.8,None,4
0041400101,1610612751,201152,6.46971,15.95328,0.0,2,11.8,None,4
0041400101,1610612751,202711,28.94127,13.19944,0.0,2,11.8,None,4
0041400101,-1,-1,18.89273,25.03944,3.55347,3,11.8,None,4
0041400101,1610612737,2594,31.34239,19.18709,0.0,3,11.8,None,4
0041400101,1610612737,200794,9.01772,15.68637,0.0,3,11.8,None,4
0041400101,1610612737,201960,63.95019,22.63695,0.0,3,11.8,None,4
0041400101,1610612737,201143,8.99631,33.57409,0.0,3,11.8,None,4
0041400101,1610612737,201952,19.69072,25.10434,0.0,3,11.8,None,4
0041400101,1610612751,2207,6.47891,33.21641,0.0,3,11.8,None,4
0041400101,1610612751,101187,12.69115,16.30162,0.0,3,11.8,None,4
0041400101,1610612751,101114,26.65185,39.89055,0.0,3,11.8,None,4
0041400101,1610612751,201152,6.5143,16.02833,0.0,3,11.8,None,4
0041400101,1610612751,202711,28.92611,13.2373,0.0,3,11.8,None,4
0041400101,-1,-1,18.71549,25.19735,3.74156,4,11.8,None,4
0041400101,1610612737,2594,31.29893,19.20541,0.0,4,11.8,None,4
0041400101,1610612737,200794,9.00382,15.68812,0.0,4,11.8,None,4
0041400101,1610612737,201960,63.95012,22.63735,0.0,4,11.8,None,4
0041400101,1610612737,201143,9.00149,33.56995,0.0,4,11.8,None,4
0041400101,1610612737,201952,19.68395,25.11878,0.0,4,11.8,None,4
0041400101,1610612751,2207,6.50977,33.20117,0.0,4,11.8,None,4
0041400101,1610612751,101187,12.69517,16.31736,0.0,4,11.8,None,4
0041400101,1610612751,101114,26.65917,39.87866,0.0,4,11.8,None,4
0041400101,1610612751,201152,6.55184,16.08795,0.0,4,11.8,None,4
0041400101,1610612751,202711,28.91145,13.2763,0.0,4,11.8,None,4
0041400101,-1,-1,18.76774,25.32205,4.0245,5,11.8,None,4
0041400101,1610612737,2594,31.25704,19.22744,0.0,5,11.8,None,4
0041400101,1610612737,200794,8.99153,15.6923,0.0,5,11.8,None,4
0041400101,1610612737,201960,63.95027,22.6381,0.0,5,11.8,None,4
0041400101,1610612737,201143,9.00779,33.56697,0.0,5,11.8,None,4
0041400101,1610612737,201952,19.67676,25.13388,0.0,5,11.8,None,4
0041400101,1610612751,2207,6.53689,33.19026,0.0,5,11.8,None,4
0041400101,1610612751,101187,12.69659,16.33249,0.0,5,11.8,None,4
0041400101,1610612751,101114,26.67003,39.86873,0.0,5,11.8,None,4
0041400101,1610612751,201152,6.58947,16.14967,0.0,5,11.8,None,4
0041400101,1610612751,202711,28.89327,13.31485,0.0,5,11.8,None,4
0041400101,-1,-1,18.78274,25.40659,4.06055,6,11.8,None,4
0041400101,1610612737,2594,31.21974,19.24922,0.0,6,11.8,None,4
0041400101,1610612737,200794,8.98172,15.6984,0.0,6,11.8,None,4
0041400101,1610612737,201960,63.95027,22.6381,0.0,6,11.8,None,4
0041400101,1610612737,201143,9.01354,33.56261,0.0,6,11.8,None,4
0041400101,1610612737,201952,19.66968,25.14998,0.0,6,11.8,None,4
0041400101,1610612751,2207,6.56313,33.18229,0.0,6,11.8,None,4
0041400101,1610612751,101187,12.69602,16.34414,0.0,6,11.8,None,4
0041400101,1610612751,101114,26.67891,39.86416,0.0,6,11.8,None,4
0041400101,1610612751,201152,6.62653,16.19465,0.0,6,11.8,None,4
0041400101,1610612751,202711,28.87624,13.35729,0.0,6,11.8,None,4
0041400101,-1,-1,18.77897,25.52586,4.1747,7,11.8,None,4
0041400101,1610612737,2594,31.18487,19.27617,0.0,7,11.8,None,4
0041400101,1610612737,200794,8.9724,15.70474,0.0,7,11.8,None,4
0041400101,1610612737,201960,63.95011,22.63741,0.0,7,11.8,None,4
0041400101,1610612737,201143,9.01687,33.56598,0.0,7,11.8,None,4
0041400101,1610612737,201952,19.66602,25.16807,0.0,7,11.8,None,4
0041400101,1610612751,2207,6.58456,33.16806,0.0,7,11.8,None,4
0041400101,1610612751,101187,12.69436,16.35806,0.0,7,11.8,None,4
0041400101,1610612751,101114,26.68746,39.86023,0.0,7,11.8,None,4
0041400101,1610612751,201152,6.6263,16.20197,0.0,7,11.8,None,4
0041400101,1610612751,202711,28.85802,13.40617,0.0,7,11.8,None,4
0041400101,-1,-1,18.70655,25.61758,4.16877,8,11.8,None,4
0041400101,1610612737,2594,31.14818,19.30621,0.0,8,11.8,None,4
0041400101,1610612737,200794,8.96436,15.70697,0.0,8,11.8,None,4
0041400101,1610612737,201960,63.9501,22.63796,0.0,8,11.8,None,4
0041400101,1610612737,201143,9.02266,33.56556,0.0,8,11.8,None,4
0041400101,1610612737,201952,19.6614,25.17821,0.0,8,11.8,None,4
0041400101,1610612751,2207,6.60794,33.15448,0.0,8,11.8,None,4
0041400101,1610612751,101187,12.68589,16.36135,0.0,8,11.8,None,4
0041400101,1610612751,101114,26.69734,39.85536,0.0,8,11.8,None,4
0041400101,1610612751,201152,6.62697,16.21143,0.0,8,11.8,None,4
0041400101,1610612751,202711,28.84036,13.45591,0.0,8,11.8,None,4
0041400101,-1,-1,18.73968,25.60265,4.25677,9,11.8,None,4
0041400101,1610612737,2594,31.11536,19.33705,0.0,9,11.8,None,4
0041400101,1610612737,200794,8.9591,15.7118,0.0,9,11.8,None,4
0041400101,1610612737,201960,63.94957,22.63688,0.0,9,11.8,None,4
0041400101,1610612737,201143,9.0273,33.56949,0.0,9,11.8,None,4
0041400101,1610612737,201952,19.66032,25.18814,0.0,9,11.8,None,4
0041400101,1610612751,2207,6.62872,33.14207,0.0,9,11.8,None,4
0041400101,1610612751,101187,12.67203,16.36383,0.0,9,11.8,None,4
0041400101,1610612751,101114,26.70568,39.85143,0.0,9,11.8,None,4
0041400101,1610612751,201152,6.61836,16.21349,0.0,9,11.8,None,4
0041400101,1610612751,202711,28.827,13.5067,0.0,9,11.8,None,4
0041400101,-1,-1,18.67622,25.76533,4.24118,10,11.8,None,4
0041400101,1610612737,2594,31.07961,19.36849,0.0,10,11.8,None,4
0041400101,1610612737,200794,8.95422,15.71873,0.0,10,11.8,None,4
0041400101,1610612737,201960,63.94974,22.63639,0.0,10,11.8,None,4
0041400101,1610612737,201143,9.03331,33.57001,0.0,10,11.8,None,4
0041400101,1610612737,201952,19.66194,25.19259,0.0,10,11.8,None,4
0041400101,1610612751,2207,6.69444,33.13514,0.0,10,11.8,None,4
0041400101,1610612751,101187,12.6554,16.36761,0.0,10,11.8,None,4
0041400101,1610612751,101114,26.71421,39.84873,0.0,10,11.8,None,4
0041400101,1610612751,201152,6.60776,16.2113,0.0,10,11.8,None,4
0041400101,1610612751,202711,28.80914,13.55168,0.0,10,11.8,None,4
0041400101,-1,-1,18.5975,25.70667,4.15031,11,11.8,None,4
0041400101,1610612737,2594,31.04412,19.40373,0.0,11,11.8,None,4
0041400101,1610612737,200794,8.95249,15.72449,0.0,11,11.8,None,4
0041400101,1610612737,201960,63.94884,22.63436,0.0,11,11.8,None,4
0041400101,1610612737,201143,9.03886,33.56964,0.0,11,11.8,None,4
0041400101,1610612737,201952,19.66573,25.19107,0.0,11,11.8,None,4
0041400101,1610612751,2207,6.715,33.11804,0.0,11,11.8,None,4
0041400101,1610612751,101187,12.63819,16.36575,0.0,11,11.8,None,4
0041400101,1610612751,101114,26.72195,39.84912,0.0,11,11.8,None,4
0041400101,1610612751,201152,6.60159,16.22221,0.0,11,11.8,None,4
0041400101,1610612751,202711,28.79355,13.5976,0.0,11,11.8,None,4
0041400101,-1,-1,18.71205,25.68997,3.99622,12,11.8,None,4
0041400101,1610612737,2594,31.00974,19.43995,0.0,12,11.8,None,4
0041400101,1610612737,200794,8.9534,15.73178,0.0,12,11.8,None,4
0041400101,1610612737,201960,63.94884,22.63436,0.0,12,11.8,None,4
0041400101,1610612737,201143,9.0427,33.57181,0.0,12,11.8,None,4
0041400101,1610612737,201952,19.66982,25.19028,0.0,12,11.8,None,4
0041400101,1610612751,2207,6.7351,33.1033,0.0,12,11.8,None,4
0041400101,1610612751,101187,12.62292,16.36457,0.0,12,11.8,None,4
0041400101,1610612751,101114,26.7333,39.85254,0.0,12,11.8,None,4
0041400101,1610612751,201152,6.59267,16.22387,0.0,12,11.8,None,4
0041400101,1610612751,202711,28.77561,13.64179,0.0,12,11.8,None,4
0041400101,-1,-1,18.74868,25.69249,4.00875,13,11.8,None,4
0041400101,1610612737,2594,30.97824,19.47508,0.0,13,11.8,None,4
0041400101,1610612737,200794,8.95529,15.74052,0.0,13,11.8,None,4
0041400101,1610612737,201960,63.94836,22.63279,0.0,13,11.8,None,4
0041400101,1610612737,201143,9.04913,33.56913,0.0,13,11.8,None,4
0041400101,1610612737,201952,19.67798,25.18575,0.0,13,11.8,None,4
0041400101,1610612751,2207,6.75053,33.09628,0.0,13,11.8,None,4
0041400101,1610612751,101187,12.60504,16.36247,0.0,13,11.8,None,4
0041400101,1610612751,101114,26.74426,39.85313,0.0,13,11.8,None,4
0041400101,1610612751,201152,6.5851,16.22665,0.0,13,11.8,None,4
0041400101,1610612751,202711,28.76101,13.68981,0.0,13,11.8,None,4
0041400101,-1,-1,18.79001,25.63238,3.90275,14,11.8,None,4
0041400101,1610612737,2594,30.94712,19.51018,0.0,14,11.8,None,4
0041400101,1610612737,200794,8.95849,15.74827,0.0,14,11.8,None,4
0041400101,1610612737,201960,63.94832,22.63084,0.0,14,11.8,None,4
0041400101,1610612737,201143,9.05503,33.5712,0.0,14,11.8,None,4
0041400101,1610612737,201952,19.6879,25.17798,0.0,14,11.8,None,4
0041400101,1610612751,2207,6.77906,33.13694,0.0,14,11.8,None,4
0041400101,1610612751,101187,12.58643,16.359,0.0,14,11.8,None,4
0041400101,1610612751,101114,26.75526,39.85243,0.0,14,11.8,None,4
0041400101,1610612751,201152,6.58637,16.24438,0.0,14,11.8,None,4
0041400101,1610612751,202711,28.74333,13.7367,0.0,14,11.8,None,4
0041400101,-1,-1,18.8631,25.63709,3.9275,15,11.8,None,4
0041400101,1610612737,2594,30.91603,19.5458,0.0,15,11.8,None,4
0041400101,1610612737,200794,8.96395,15.75176,0.0,15,11.8,None,4
0041400101,1610612737,201960,63.94677,22.62955,0.0,15,11.8,None,4
0041400101,1610612737,201143,9.06182,33.56661,0.0,15,11.8,None,4
0041400101,1610612737,201952,19.697,25.16534,0.0,15,11.8,None,4
0041400101,1610612751,2207,6.78311,33.13551,0.0,15,11.8,None,4
0041400101,1610612751,101187,12.56659,16.35526,0.0,15,11.8,None,4
0041400101,1610612751,101114,26.76348,39.85078,0.0,15,11.8,None,4
0041400101,1610612751,201152,6.5895,16.26098,0.0,15,11.8,None,4
0041400101,1610612751,202711,28.72921,13.78546,0.0,15,11.8,None,4
0041400101,-1,-1,18.89309,25.68514,3.75354,16,11.8,None,4
0041400101,1610612737,2594,30.89,19.58548,0.0,16,11.8,None,4
0041400101,1610612737,200794,8.9709,15.75574,0.0,16,11.8,None,4
0041400101,1610612737,201960,63.94452,22.62842,0.0,16,11.8,None,4
0041400101,1610612737,201143,9.06926,33.56519,0.0,16,11.8,None,4
0041400101,1610612737,201952,19.7058,25.15193,0.0,16,11.8,None,4
0041400101,1610612751,2207,6.77838,33.13588,0.0,16,11.8,None,4
0041400101,1610612751,101187,12.54856,16.35174,0.0,16,11.8,None,4
0041400101,1610612751,101114,26.77047,39.85023,0.0,16,11.8,None,4
0041400101,1610612751,201152,6.58869,16.27974,0.0,16,11.8,None,4
0041400101,1610612751,202711,28.71563,13.8333,0.0,16,11.8,None,4
0041400101,-1,-1,18.96219,25.47939,3.74103,17,11.8,None,4
0041400101,1610612737,2594,30.86497,19.62453,0.0,17,11.8,None,4
0041400101,1610612737,200794,8.97757,15.75982,0.0,17,11.8,None,4
0041400101,1610612737,201960,63.94384,22.62699,0.0,17,11.8,None,4
0041400101,1610612737,201143,9.07775,33.56201,0.0,17,11.8,None,4
0041400101,1610612737,201952,19.71517,25.13676,0.0,17,11.8,None,4
0041400101,1610612751,2207,6.76393,33.15039,0.0,17,11.8,None,4
0041400101,1610612751,101187,12.53146,16.34708,0.0,17,11.8,None,4
0041400101,1610612751,101114,26.77504,39.85132,0.0,17,11.8,None,4
0041400101,1610612751,201152,6.58847,16.2969,0.0,17,11.8,None,4
0041400101,1610612751,202711,28.70083,13.87798,0.0,17,11.8,None,4
0041400101,-1,-1,19.00343,25.43849,3.8002,18,11.8,None,4
0041400101,1610612737,2594,30.84199,19.66861,0.0,18,11.8,None,4
0041400101,1610612737,200794,8.98665,15.76455,0.0,18,11.8,None,4
0041400101,1610612737,201960,63.94424,22.62726,0.0,18,11.8,None,4
0041400101,1610612737,201143,9.08413,33.55616,0.0,18,11.8,None,4
0041400101,1610612737,201952,19.72399,25.11934,0.0,18,11.8,None,4
0041400101,1610612751,2207,6.75741,33.15663,0.0,18,11.8,None,4
0041400101,1610612751,101187,12.51728,16.33953,0.0,18,11.8,None,4
0041400101,1610612751,101114,26.78155,39.85107,0.0,18,11.8,None,4
0041400101,1610612751,201152,6.58269,16.29857,0.0,18,11.8,None,4
0041400101,1610612751,202711,28.68339,13.92277,0.0,18,11.8,None,4
0041400101,-1,-1,19.02959,25.33393,3.68109,19,11.8,None,4
0041400101,1610612737,2594,30.8219,19.71598,0.0,19,11.8,None,4
0041400101,1610612737,200794,8.99836,15.76822,0.0,19,11.8,None,4
0041400101,1610612737,201960,63.94271,22.62645,0.0,19,11.8,None,4
0041400101,1610612737,201143,9.09124,33.55212,0.0,19,11.8,None,4
0041400101,1610612737,201952,19.73157,25.10508,0.0,19,11.8,None,4
0041400101,1610612751,2207,6.75115,33.15843,0.0,19,11.8,None,4
0041400101,1610612751,101187,12.50527,16.33228,0.0,19,11.8,None,4
0041400101,1610612751,101114,26.78867,39.84911,0.0,19,11.8,None,4
0041400101,1610612751,201152,6.58219,16.31195,0.0,19,11.8,None,4
0041400101,1610612751,202711,28.66465,13.96668,0.0,19,11.8,None,4
0041400101,-1,-1,19.06694,25.35509,3.45383,20,11.8,None,4
0041400101,1610612737,2594,30.80263,19.76351,0.0,20,11.8,None,4
0041400101,1610612737,200794,9.01192,15.77256,0.0,20,11.8,None,4
0041400101,1610612737,201960,63.94167,22.6244,0.0,20,11.8,None,4
0041400101,1610612737,201143,9.09827,33.54972,0.0,20,11.8,None,4
0041400101,1610612737,201952,19.73689,25.09162,0.0,20,11.8,None,4
0041400101,1610612751,2207,6.74162,33.16146,0.0,20,11.8,None,4
0041400101,1610612751,101187,12.49579,16.32371,0.0,20,11.8,None,4
0041400101,1610612751,101114,26.79325,39.84572,0.0,20,11.8,None,4
0041400101,1610612751,201152,6.58188,16.32386,0.0,20,11.8,None,4
0041400101,1610612751,202711,28.64783,14.00401,0.0,20,11.8,None,4
0041400101,-1,-1,19.01911,25.22672,3.54922,21,11.8,None,4
0041400101,1610612737,2594,30.78435,19.81374,0.0,21,11.8,None,4
0041400101,1610612737,200794,9.02613,15.7736,0.0,21,11.8,None,4
0041400101,1610612737,201960,63.93936,22.6232,0.0,21,11.8,None,4
0041400101,1610612737,201143,9.10294,33.54528,0.0,21,11.8,None,4
0041400101,1610612737,201952,19.7397,25.07956,0.0,21,11.8,None,4
0041400101,1610612751,2207,6.72928,33.15904,0.0,21,11.8,None,4
0041400101,1610612751,101187,12.48254,16.3106,0.0,21,11.8,None,4
0041400101,1610612751,101114,26.79364,39.838,0.0,21,11.8,None,4
0041400101,1610612751,201152,6.58051,16.32066,0.0,21,11.8,None,4
0041400101,1610612751,202711,28.62509,14.03782,0.0,21,11.8,None,4
0041400101,-1,-1,19.05562,25.17063,3.46894,22,11.8,None,4
0041400101,1610612737,2594,30.7657,19.86706,0.0,22,11.8,None,4
0041400101,1610612737,200794,9.04191,15.77547,0.0,22,11.8,None,4
0041400101,1610612737,201960,63.93859,22.62308,0.0,22,11.8,None,4
0041400101,1610612737,201143,9.10702,33.53471,0.0,22,11.8,None,4
0041400101,1610612737,201952,19.73929,25.0652,0.0,22,11.8,None,4
0041400101,1610612751,2207,6.71805,33.15731,0.0,22,11.8,None,4
0041400101,1610612751,101187,12.4693,16.29542,0.0,22,11.8,None,4
0041400101,1610612751,101114,26.79449,39.83062,0.0,22,11.8,None,4
0041400101,1610612751,201152,6.58323,16.3312,0.0,22,11.8,None,4
0041400101,1610612751,202711,28.60459,14.06913,0.0,22,11.8,None,4
0041400101,-1,-1,19.01901,25.16806,3.45629,23,11.8,None,4
0041400101,1610612737,2594,30.75152,19.92107,0.0,23,11.8,None,4
0041400101,1610612737,200794,9.06122,15.77744,0.0,23,11.8,None,4
0041400101,1610612737,201960,63.93745,22.62138,0.0,23,11.8,None,4
0041400101,1610612737,201143,9.11094,33.52929,0.0,23,11.8,None,4
0041400101,1610612737,201952,19.73588,25.0575,0.0,23,11.8,None,4
0041400101,1610612751,2207,6.70173,33.16197,0.0,23,11.8,None,4
0041400101,1610612751,101187,12.45708,16.27937,0.0,23,11.8,None,4
0041400101,1610612751,101114,26.79321,39.82707,0.0,23,11.8,None,4
0041400101,1610612751,201152,6.58873,16.34445,0.0,23,11.8,None,4
0041400101,1610612751,202711,28.58177,14.09897,0.0,23,11.8,None,4
0041400101,-1,-1,19.03378,25.30758,3.50809,24,11.8,None,4
0041400101,1610612737,2594,30.73593,19.98065,0.0,24,11.8,None,4
0041400101,1610612737,200794,9.08157,15.77991,0.0,24,11.8,None,4
0041400101,1610612737,201960,63.93733,22.62186,0.0,24,11.8,None,4
0041400101,1610612737,201143,9.11824,33.52205,0.0,24,11.8,None,4
0041400101,1610612737,201952,19.72526,25.05211,0.0,24,11.8,None,4
0041400101,1610612751,2207,6.68334,33.16924,0.0,24,11.8,None,4
0041400101,1610612751,101187,12.44696,16.26067,0.0,24,11.8,None,4
0041400101,1610612751,101114,26.79121,39.82286,0.0,24,11.8,None,4
0041400101,1610612751,201152,6.59755,16.35758,0.0,24,11.8,None,4
0041400101,1610612751,202711,28.55174,14.121,0.0,24,11.8,None,4
0041400101,-1,-1,18.99507,25.32564,3.54203,25,11.8,None,4
0041400101,1610612737,2594,30.72875,20.03601,0.0,25,11.8,None,4
0041400101,1610612737,200794,9.10259,15.78204,0.0,25,11.8,None,4
0041400101,1610612737,201960,63.93665,22.6218,0.0,25,11.8,None,4
0041400101,1610612737,201143,9.12389,33.51754,0.0,25,11.8,None,4
0041400101,1610612737,201952,19.70447,25.05278,0.0,25,11.8,None,4
0041400101,1610612751,2207,6.61952,33.16695,0.0,25,11.8,None,4
0041400101,1610612751,101187,12.4407,16.24408,0.0,25,11.8,None,4
0041400101,1610612751,101114,26.78899,39.82491,0.0,25,11.8,None,4
0041400101,1610612751,201152,6.60776,16.37123,0.0,25,11.8,None,4
0041400101,1610612751,202711,28.52125,14.14488,0.0,25,11.8,None,4
0041400101,-1,-1,19.00012,25.26527,3.59072,26,11.8,None,4
0041400101,1610612737,2594,30.71798,20.09202,0.0,26,11.8,None,4
0041400101,1610612737,200794,9.12355,15.78302,0.0,26,11.8,None,4
0041400101,1610612737,201960,63.93718,22.62288,0.0,26,11.8,None,4
0041400101,1610612737,201143,9.12724,33.51147,0.0,26,11.8,None,4
0041400101,1610612737,201952,19.68069,25.06054,0.0,26,11.8,None,4
0041400101,1610612751,2207,6.62005,33.21224,0.0,26,11.8,None,4
0041400101,1610612751,101187,12.433,16.22903,0.0,26,11.8,None,4
0041400101,1610612751,101114,26.78733,39.82754,0.0,26,11.8,None,4
0041400101,1610612751,201152,6.60828,16.35269,0.0,26,11.8,None,4
0041400101,1610612751,202711,28.48498,14.16991,0.0,26,11.8,None,4
0041400101,-1,-1,18.89946,25.24731,3.32458,27,11.8,None,4
0041400101,1610612737,2594,30.70797,20.14641,0.0,27,11.8,None,4
0041400101,1610612737,200794,9.14571,15.78264,0.0,27,11.8,None,4
0041400101,1610612737,201960,63.93658,22.62179,0.0,27,11.8,None,4
0041400101,1610612737,201143,9.13085,33.50594,0.0,27,11.8,None,4
0041400101,1610612737,201952,19.66125,25.06558,0.0,27,11.8,None,4
0041400101,1610612751,2207,6.62019,33.25606,0.0,27,11.8,None,4
0041400101,1610612751,101187,12.42465,16.2139,0.0,27,11.8,None,4
0041400101,1610612751,101114,26.7837,39.83044,0.0,27,11.8,None,4
0041400101,1610612751,201152,6.61956,16.36381,0.0,27,11.8,None,4
0041400101,1610612751,202711,28.4474,14.19293,0.0,27,11.8,None,4
0041400101,-1,-1,18.92582,25.40898,3.52656,28,11.8,None,4
0041400101,1610612737,2594,30.6959,20.20307,0.0,28,11.8,None,4
0041400101,1610612737,200794,9.16709,15.78092,0.0,28,11.8,None,4
0041400101,1610612737,201960,63.93684,22.62302,0.0,28,11.8,None,4
0041400101,1610612737,201143,9.13909,33.5052,0.0,28,11.8,None,4
0041400101,1610612737,201952,19.64611,25.06877,0.0,28,11.8,None,4
0041400101,1610612751,2207,6.61873,33.29468,0.0,28,11.8,None,4
0041400101,1610612751,101187,12.41883,16.19956,0.0,28,11.8,None,4
0041400101,1610612751,101114,26.7797,39.83523,0.0,28,11.8,None,4
0041400101,1610612751,201152,6.63232,16.3769,0.0,28,11.8,None,4
0041400101,1610612751,202711,28.40366,14.2092,0.0,28,11.8,None,4
0041400101,-1,-1,18.78959,25.29813,3.37957,29,11.8,None,4
0041400101,1610612737,2594,30.68422,20.25905,0.0,29,11.8,None,4
0041400101,1610612737,200794,9.18694,15.78298,0.0,29,11.8,None,4
0041400101,1610612737,201960,63.93617,22.62375,0.0,29,11.8,None,4
0041400101,1610612737,201143,9.1451,33.49789,0.0,29,11.8,None,4
0041400101,1610612737,201952,19.63538,25.07234,0.0,29,11.8,None,4
0041400101,1610612751,2207,6.59623,33.2848,0.0,29,11.8,None,4
0041400101,1610612751,101187,12.41572,16.1891,0.0,29,11.8,None,4
0041400101,1610612751,101114,26.77974,39.83488,0.0,29,11.8,None,4
0041400101,1610612751,201152,6.63654,16.37246,0.0,29,11.8,None,4
0041400101,1610612751,202711,28.35907,14.22854,0.0,29,11.8,None,4
0041400101,-1,-1,18.63806,25.35128,3.44874,30,11.8,None,4
0041400101,1610612737,2594,30.67309,20.31315,0.0,30,11.8,None,4
0041400101,1610612737,200794,9.20676,15.78522,0.0,30,11.8,None,4
0041400101,1610612737,201960,63.93617,22.62375,0.0,30,11.8,None,4
0041400101,1610612737,201143,9.15297,33.49208,0.0,30,11.8,None,4
0041400101,1610612737,201952,19.62808,25.07678,0.0,30,11.8,None,4
0041400101,1610612751,2207,6.59398,33.31924,0.0,30,11.8,None,4
0041400101,1610612751,101187,12.41357,16.17498,0.0,30,11.8,None,4
0041400101,1610612751,101114,26.779,39.83346,0.0,30,11.8,None,4
0041400101,1610612751,201152,6.62776,16.34512,0.0,30,11.8,None,4
0041400101,1610612751,202711,28.31288,14.24025,0.0,30,11.8,None,4
0041400101,-1,-1,18.56551,25.46325,3.60916,31,11.8,None,4
0041400101,1610612737,2594,30.65776,20.36015,0.0,31,11.8,None,4
0041400101,1610612737,200794,9.22748,15.78783,0.0,31,11.8,None,4
0041400101,1610612737,201960,63.93721,22.62381,0.0,31,11.8,None,4
0041400101,1610612737,201143,9.16307,33.48761,0.0,31,11.8,None,4
0041400101,1610612737,201952,19.62213,25.08043,0.0,31,11.8,None,4
0041400101,1610612751,2207,6.59669,33.35223,0.0,31,11.8,None,4
0041400101,1610612751,101187,12.41114,16.16205,0.0,31,11.8,None,4
0041400101,1610612751,101114,26.77666,39.83704,0.0,31,11.8,None,4
0041400101,1610612751,201152,6.62513,16.31823,0.0,31,11.8,None,4
0041400101,1610612751,202711,28.26235,14.2495,0.0,31,11.8,None,4
0041400101,-1,-1,18.41959,25.53108,3.81727,32,11.8,None,4
0041400101,1610612737,2594,30.64106,20.40566,0.0,32,11.8,None,4
0041400101,1610612737,200794,9.2503,15.78971,0.0,32,11.8,None,4
0041400101,1610612737,201960,63.93819,22.62462,0.0,32,11.8,None,4
0041400101,1610612737,201143,9.17728,33.48285,0.0,32,11.8,None,4
0041400101,1610612737,201952,19.61379,25.08459,0.0,32,11.8,None,4
0041400101,1610612751,2207,6.60236,33.37305,0.0,32,11.8,None,4
0041400101,1610612751,101187,12.41019,16.14981,0.0,32,11.8,None,4
0041400101,1610612751,101114,26.77934,39.83563,0.0,32,11.8,None,4
0041400101,1610612751,201152,6.62271,16.29293,0.0,32,11.8,None,4
0041400101,1610612751,202711,28.2138,14.25792,0.0,32,11.8,None,4
0041400101,-1,-1,18.27395,25.56012,4.09799,33,11.8,None,4
0041400101,1610612737,2594,30.62314,20.44493,0.0,33,11.8,None,4
0041400101,1610612737,200794,9.27168,15.79199,0.0,33,11.8,None,4
0041400101,1610612737,201960,63.93757,22.624,0.0,33,11.8,None,4
0041400101,1610612737,201143,9.19182,33.47873,0.0,33,11.8,None,4
0041400101,1610612737,201952,19.60709,25.0855,0.0,33,11.8,None,4
0041400101,1610612751,2207,6.59647,33.40556,0.0,33,11.8,None,4
0041400101,1610612751,101187,12.41284,16.13882,0.0,33,11.8,None,4
0041400101,1610612751,101114,26.77925,39.83828,0.0,33,11.8,None,4
0041400101,1610612751,201152,6.6198,16.26859,0.0,33,11.8,None,4
0041400101,1610612751,202711,28.16073,14.26027,0.0,33,11.8,None,4
0041400101,-1,-1,18.17083,25.60639,4.52834,34,11.8,None,4
0041400101,1610612737,2594,30.60504,20.48216,0.0,34,11.8,None,4
0041400101,1610612737,200794,9.29418,15.79415,0.0,34,11.8,None,4
0041400101,1610612737,201960,63.93861,22.62391,0.0,34,11.8,None,4
0041400101,1610612737,201143,9.21084,33.48089,0.0,34,11.8,None,4
0041400101,1610612737,201952,19.60207,25.08428,0.0,34,11.8,None,4
0041400101,1610612751,2207,6.59022,33.43853,0.0,34,11.8,None,4
0041400101,1610612751,101187,12.41483,16.12752,0.0,34,11.8,None,4
0041400101,1610612751,101114,26.77919,39.84125,0.0,34,11.8,None,4
0041400101,1610612751,201152,6.61838,16.24577,0.0,34,11.8,None,4
0041400101,1610612751,202711,28.11056,14.26541,0.0,34,11.8,None,4
0041400101,-1,-1,18.22448,25.60852,4.92362,35,11.8,None,4
0041400101,1610612737,2594,30.58359,20.51535,0.0,35,11.8,None,4
0041400101,1610612737,200794,9.31564,15.79226,0.0,35,11.8,None,4
0041400101,1610612737,201960,63.93939,22.62436,0.0,35,11.8,None,4
0041400101,1610612737,201143,9.23148,33.47937,0.0,35,11.8,None,4
0041400101,1610612737,201952,19.60132,25.08075,0.0,35,11.8,None,4
0041400101,1610612751,2207,6.58955,33.47557,0.0,35,11.8,None,4
0041400101,1610612751,101187,12.41685,16.11777,0.0,35,11.8,None,4
0041400101,1610612751,101114,26.77727,39.84814,0.0,35,11.8,None,4
0041400101,1610612751,201152,6.61564,16.22302,0.0,35,11.8,None,4
0041400101,1610612751,202711,28.05511,14.27022,0.0,35,11.8,None,4
0041400101,-1,-1,18.22098,25.54959,5.24996,36,11.8,None,4
0041400101,1610612737,2594,30.55867,20.5437,0.0,36,11.8,None,4
0041400101,1610612737,200794,9.33977,15.79619,0.0,36,11.8,None,4
0041400101,1610612737,201960,63.94208,22.62522,0.0,36,11.8,None,4
0041400101,1610612737,201143,9.25476,33.47833,0.0,36,11.8,None,4
0041400101,1610612737,201952,19.60095,25.0778,0.0,36,11.8,None,4
0041400101,1610612751,2207,6.58966,33.51436,0.0,36,11.8,None,4
0041400101,1610612751,101187,12.42384,16.11079,0.0,36,11.8,None,4
0041400101,1610612751,101114,26.77926,39.8552,0.0,36,11.8,None,4
0041400101,1610612751,201152,6.61427,16.21773,0.0,36,11.8,None,4
0041400101,1610612751,202711,28.00205,14.27156,0.0,36,11.8,None,4
0041400101,-1,-1,18.43042,25.50784,5.73356,37,11.8,None,4
0041400101,1610612737,2594,30.53094,20.56292,0.0,37,11.8,None,4
0041400101,1610612737,200794,9.36226,15.80205,0.0,37,11.8,None,4
0041400101,1610612737,201960,63.94306,22.62603,0.0,37,11.8,None,4
0041400101,1610612737,201143,9.28182,33.4808,0.0,37,11.8,None,4
0041400101,1610612737,201952,19.60223,25.07627,0.0,37,11.8,None,4
0041400101,1610612751,2207,6.58982,33.55348,0.0,37,11.8,None,4
0041400101,1610612751,101187,12.43242,16.10764,0.0,37,11.8,None,4
0041400101,1610612751,101114,26.77935,39.86459,0.0,37,11.8,None,4
0041400101,1610612751,201152,6.60734,16.19514,0.0,37,11.8,None,4
0041400101,1610612751,202711,27.94738,14.26961,0.0,37,11.8,None,4
0041400101,-1,-1,18.62317,25.3623,5.77035,38,11.8,None,4
0041400101,1610612737,2594,30.50122,20.5771,0.0,38,11.8,None,4
0041400101,1610612737,200794,9.3841,15.80836,0.0,38,11.8,None,4
0041400101,1610612737,201960,63.94345,22.6265,0.0,38,11.8,None,4
0041400101,1610612737,201143,9.30952,33.47923,0.0,38,11.8,None,4
0041400101,1610612737,201952,19.60564,25.07123,0.0,38,11.8,None,4
0041400101,1610612751,2207,6.59027,33.58285,0.0,38,11.8,None,4
0041400101,1610612751,101187,12.44589,16.10441,0.0,38,11.8,None,4
0041400101,1610612751,101114,26.77943,39.86973,0.0,38,11.8,None,4
0041400101,1610612751,201152,6.60053,16.17247,0.0,38,11.8,None,4
0041400101,1610612751,202711,27.89216,14.26431,0.0,38,11.8,None,4
0041400101,-1,-1,18.80615,25.27961,5.88153,39,11.8,None,4
0041400101,1610612737,2594,30.47113,20.58461,0.0,39,11.8,None,4
0041400101,1610612737,200794,9.40565,15.8153,0.0,39,11.8,None,4
0041400101,1610612737,201960,63.94462,22.62745,0.0,39,11.8,None,4
0041400101,1610612737,201143,9.33945,33.47901,0.0,39,11.8,None,4
0041400101,1610612737,201952,19.6132,25.06624,0.0,39,11.8,None,4
0041400101,1610612751,2207,6.59429,33.61527,0.0,39,11.8,None,4
0041400101,1610612751,101187,12.45984,16.10381,0.0,39,11.8,None,4
0041400101,1610612751,101114,26.78183,39.87603,0.0,39,11.8,None,4
0041400101,1610612751,201152,6.59584,16.15494,0.0,39,11.8,None,4
0041400101,1610612751,202711,27.8393,14.26496,0.0,39,11.8,None,4
0041400101,-1,-1,19.17417,25.14219,6.12277,40,11.8,None,4
0041400101,1610612737,2594,30.43271,20.5962,0.0,40,11.8,None,4
0041400101,1610612737,200794,9.43241,15.82603,0.0,40,11.8,None,4
0041400101,1610612737,201960,63.94536,22.62702,0.0,40,11.8,None,4
0041400101,1610612737,201143,9.36807,33.47369,0.0,40,11.8,None,4
0041400101,1610612737,201952,19.63075,25.05528,0.0,40,11.8,None,4
0041400101,1610612751,2207,6.6006,33.64662,0.0,40,11.8,None,4
0041400101,1610612751,101187,12.47505,16.09965,0.0,40,11.8,None,4
0041400101,1610612751,101114,26.78264,39.87783,0.0,40,11.8,None,4
0041400101,1610612751,201152,6.5937,16.1349,0.0,40,11.8,None,4
0041400101,1610612751,202711,27.78984,14.26208,0.0,40,11.8,None,4
0041400101,-1,-1,19.30104,25.15074,6.11712,41,11.8,None,4
0041400101,1610612737,2594,30.3955,20.60486,0.0,41,11.8,None,4
0041400101,1610612737,200794,9.45923,15.8417,0.0,41,11.8,None,4
0041400101,1610612737,201960,63.94569,22.62723,0.0,41,11.8,None,4
0041400101,1610612737,201143,9.40083,33.4685,0.0,41,11.8,None,4
0041400101,1610612737,201952,19.64894,25.04381,0.0,41,11.8,None,4
0041400101,1610612751,2207,6.58203,33.64547,0.0,41,11.8,None,4
0041400101,1610612751,101187,12.49478,16.096,0.0,41,11.8,None,4
0041400101,1610612751,101114,26.78193,39.88102,0.0,41,11.8,None,4
0041400101,1610612751,201152,6.59737,16.13114,0.0,41,11.8,None,4
0041400101,1610612751,202711,27.74515,14.25898,0.0,41,11.8,None,4
0041400101,-1,-1,19.50352,24.97789,6.17127,42,11.8,None,4
0041400101,1610612737,2594,30.35403,20.61186,0.0,42,11.8,None,4
0041400101,1610612737,200794,9.48501,15.86302,0.0,42,11.8,None,4
0041400101,1610612737,201960,63.94552,22.62819,0.0,42,11.8,None,4
0041400101,1610612737,201143,9.43508,33.46197,0.0,42,11.8,None,4
0041400101,1610612737,201952,19.6667,25.03522,0.0,42,11.8,None,4
0041400101,1610612751,2207,6.56282,33.64423,0.0,42,11.8,None,4
0041400101,1610612751,101187,12.51271,16.09313,0.0,42,11.8,None,4
0041400101,1610612751,101114,26.78357,39.88267,0.0,42,11.8,None,4
0041400101,1610612751,201152,6.59598,16.11403,0.0,42,11.8,None,4
0041400101,1610612751,202711,27.70399,14.25234,0.0,42,11.8,None,4
0041400101,-1,-1,19.31124,25.0609,6.28038,43,11.8,None,4
0041400101,1610612737,2594,30.30632,20.61387,0.0,43,11.8,None,4
0041400101,1610612737,200794,9.51655,15.88666,0.0,43,11.8,None,4
0041400101,1610612737,201960,63.94607,22.62874,0.0,43,11.8,None,4
0041400101,1610612737,201143,9.46813,33.45225,0.0,43,11.8,None,4
0041400101,1610612737,201952,19.6771,25.02967,0.0,43,11.8,None,4
0041400101,1610612751,2207,6.54628,33.64713,0.0,43,11.8,None,4
0041400101,1610612751,101187,12.533,16.08929,0.0,43,11.8,None,4
0041400101,1610612751,101114,26.78307,39.88493,0.0,43,11.8,None,4
0041400101,1610612751,201152,6.59624,16.09944,0.0,43,11.8,None,4
0041400101,1610612751,202711,27.66778,14.2486,0.0,43,11.8,None,4
0041400101,-1,-1,19.2988,25.05661,6.49157,44,11.8,None,4
0041400101,1610612737,2594,30.25779,20.61699,0.0,44,11.8,None,4
0041400101,1610612737,200794,9.56048,15.93651,0.0,44,11.8,None,4
0041400101,1610612737,201960,63.94746,22.62935,0.0,44,11.8,None,4
0041400101,1610612737,201143,9.5039,33.4441,0.0,44,11.8,None,4
0041400101,1610612737,201952,19.68234,25.0272,0.0,44,11.8,None,4
0041400101,1610612751,2207,6.53255,33.65035,0.0,44,11.8,None,4
0041400101,1610612751,101187,12.55158,16.08048,0.0,44,11.8,None,4
0041400101,1610612751,101114,26.77855,39.89081,0.0,44,11.8,None,4
0041400101,1610612751,201152,6.59156,16.08485,0.0,44,11.8,None,4
0041400101,1610612751,202711,27.63391,14.24023,0.0,44,11.8,None,4
0041400101,-1,-1,19.21374,24.92408,6.77795,45,11.8,None,4
0041400101,1610612737,2594,30.20409,20.61781,0.0,45,11.8,None,4
0041400101,1610612737,200794,9.60509,15.99286,0.0,45,11.8,None,4
0041400101,1610612737,201960,63.94811,22.62995,0.0,45,11.8,None,4
0041400101,1610612737,201143,9.5405,33.44002,0.0,45,11.8,None,4
0041400101,1610612737,201952,19.68314,25.02544,0.0,45,11.8,None,4
0041400101,1610612751,2207,6.5232,33.65271,0.0,45,11.8,None,4
0041400101,1610612751,101187,12.57419,16.07268,0.0,45,11.8,None,4
0041400101,1610612751,101114,26.77653,39.89832,0.0,45,11.8,None,4
0041400101,1610612751,201152,6.59641,16.09469,0.0,45,11.8,None,4
0041400101,1610612751,202711,27.60216,14.23582,0.0,45,11.8,None,4
0041400101,-1,-1,18.92311,24.90144,7.27194,46,11.8,None,4
0041400101,1610612737,2594,30.14499,20.62449,0.0,46,11.8,None,4
0041400101,1610612737,200794,9.6519,16.05251,0.0,46,11.8,None,4
0041400101,1610612737,201960,63.94806,22.63049,0.0,46,11.8,None,4
0041400101,1610612737,201143,9.57383,33.43367,0.0,46,11.8,None,4
0041400101,1610612737,201952,19.68355,25.02719,0.0,46,11.8,None,4
0041400101,1610612751,2207,6.51364,33.65526,0.0,46,11.8,None,4
0041400101,1610612751,101187,12.5954,16.06531,0.0,46,11.8,None,4
0041400101,1610612751,101114,26.77509,39.90214,0.0,46,11.8,None,4
0041400101,1610612751,201152,6.60365,16.10988,0.0,46,11.8,None,4
0041400101,1610612751,202711,27.5749,14.22916,0.0,46,11.8,None,4
0041400101,-1,-1,18.50194,24.9653,7.76083,47,11.8,None,4
0041400101,1610612737,2594,30.08154,20.63066,0.0,47,11.8,None,4
0041400101,1610612737,200794,9.70034,16.11486,0.0,47,11.8,None,4
0041400101,1610612737,201960,63.94828,22.63084,0.0,47,11.8,None,4
0041400101,1610612737,201143,9.6051,33.42813,0.0,47,11.8,None,4
0041400101,1610612737,201952,19.68432,25.03033,0.0,47,11.8,None,4
0041400101,1610612751,2207,6.51073,33.65881,0.0,47,11.8,None,4
0041400101,1610612751,101187,12.61577,16.05699,0.0,47,11.8,None,4
0041400101,1610612751,101114,26.77152,39.90897,0.0,47,11.8,None,4
0041400101,1610612751,201152,6.60875,16.12365,0.0,47,11.8,None,4
0041400101,1610612751,202711,27.54956,14.22101,0.0,47,11.8,None,4
0041400101,-1,-1,18.02186,24.98762,8.51831,48,11.8,None,4
0041400101,1610612737,2594,30.01674,20.63766,0.0,48,11.8,None,4
0041400101,1610612737,200794,9.75165,16.18123,0.0,48,11.8,None,4
0041400101,1610612737,201960,63.94785,22.63058,0.0,48,11.8,None,4
0041400101,1610612737,201143,9.6381,33.4243,0.0,48,11.8,None,4
0041400101,1610612737,201952,19.68318,25.03709,0.0,48,11.8,None,4
0041400101,1610612751,2207,6.51035,33.66181,0.0,48,11.8,None,4
0041400101,1610612751,101187,12.63386,16.05132,0.0,48,11.8,None,4
0041400101,1610612751,101114,26.76949,39.9139,0.0,48,11.8,None,4
0041400101,1610612751,201152,6.61705,16.14268,0.0,48,11.8,None,4
0041400101,1610612751,202711,27.53002,14.21275,0.0,48,11.8,None,4
0041400101,-1,-1,17.46169,24.81217,9.21002,49,11.8,None,4
0041400101,1610612737,2594,29.94555,20.64298,0.0,49,11.8,None,4
0041400101,1610612737,200794,9.79538,16.2294,0.0,49,11.8,None,4
0041400101,1610612737,201960,63.94749,22.63067,0.0,49,11.8,None,4
0041400101,1610612737,201143,9.67002,33.41283,0.0,49,11.8,None,4
0041400101,1610612737,201952,19.68298,25.03915,0.0,49,11.8,None,4
0041400101,1610612751,2207,6.51011,33.66551,0.0,49,11.8,None,4
0041400101,1610612751,101187,12.65201,16.0501,0.0,49,11.8,None,4
0041400101,1610612751,101114,26.76752,39.91866,0.0,49,11.8,None,4
0041400101,1610612751,201152,6.62603,16.1636,0.0,49,11.8,None,4
0041400101,1610612751,202711,27.50944,14.1994,0.0,49,11.8,None,4
0041400101,-1,-1,16.94063,24.90857,9.91515,50,11.8,None,4
0041400101,1610612737,2594,29.87411,20.65068,0.0,50,11.8,None,4
0041400101,1610612737,200794,9.84136,16.28941,0.0,50,11.8,None,4
0041400101,1610612737,201960,63.94654,22.6312,0.0,50,11.8,None,4
0041400101,1610612737,201143,9.70087,33.39905,0.0,50,11.8,None,4
0041400101,1610612737,201952,19.68037,25.04526,0.0,50,11.8,None,4
0041400101,1610612751,2207,6.50949,33.66586,0.0,50,11.8,None,4
0041400101,1610612751,101187,12.67194,16.04532,0.0,50,11.8,None,4
0041400101,1610612751,101114,26.76548,39.92193,0.0,50,11.8,None,4
0041400101,1610612751,201152,6.63673,16.18968,0.0,50,11.8,None,4
0041400101,1610612751,202711,27.49555,14.18904,0.0,50,11.8,None,4
0041400101,-1,-1,16.33314,24.75891,10.2295,51,11.8,None,4
0041400101,1610612737,2594,29.79865,20.65968,0.0,51,11.8,None,4
0041400101,1610612737,200794,9.88601,16.35318,0.0,51,11.8,None,4
0041400101,1610612737,201960,63.94442,22.62942,0.0,51,11.8,None,4
0041400101,1610612737,201143,9.73446,33.38691,0.0,51,11.8,None,4
0041400101,1610612737,201952,19.68029,25.04554,0.0,51,11.8,None,4
0041400101,1610612751,2207,6.50985,33.66576,0.0,51,11.8,None,4
0041400101,1610612751,101187,12.691,16.04249,0.0,51,11.8,None,4
0041400101,1610612751,101114,26.76316,39.92578,0.0,51,11.8,None,4
0041400101,1610612751,201152,6.6485,16.21615,0.0,51,11.8,None,4
0041400101,1610612751,202711,27.48632,14.18297,0.0,51,11.8,None,4
0041400101,-1,-1,15.76637,24.86265,10.81636,52,11.8,None,4
0041400101,1610612737,2594,29.71918,20.67576,0.0,52,11.8,None,4
0041400101,1610612737,200794,9.93292,16.42284,0.0,52,11.8,None,4
0041400101,1610612737,201960,63.94328,22.62834,0.0,52,11.8,None,4
0041400101,1610612737,201143,9.76588,33.36989,0.0,52,11.8,None,4
0041400101,1610612737,201952,19.67776,25.04721,0.0,52,11.8,None,4
0041400101,1610612751,2207,6.51112,33.66549,0.0,52,11.8,None,4
0041400101,1610612751,101187,12.71011,16.04088,0.0,52,11.8,None,4
0041400101,1610612751,101114,26.76234,39.92836,0.0,52,11.8,None,4
0041400101,1610612751,201152,6.66145,16.24913,0.0,52,11.8,None,4
0041400101,1610612751,202711,27.47812,14.17528,0.0,52,11.8,None,4
0041400101,-1,-1,15.26491,24.95779,11.29422,53,11.8,None,4
0041400101,1610612737,2594,29.63749,20.69147,0.0,53,11.8,None,4
0041400101,1610612737,200794,9.98128,16.49894,0.0,53,11.8,None,4
0041400101,1610612737,201960,63.94306,22.62875,0.0,53,11.8,None,4
0041400101,1610612737,201143,9.79838,33.35224,0.0,53,11.8,None,4
0041400101,1610612737,201952,19.67434,25.05358,0.0,53,11.8,None,4
0041400101,1610612751,2207,6.51837,33.66732,0.0,53,11.8,None,4
0041400101,1610612751,101187,12.72602,16.03913,0.0,53,11.8,None,4
0041400101,1610612751,101114,26.76145,39.93274,0.0,53,11.8,None,4
0041400101,1610612751,201152,6.67476,16.2859,0.0,53,11.8,None,4
0041400101,1610612751,202711,27.47461,14.16918,0.0,53,11.8,None,4
0041400101,-1,-1,14.67921,24.9114,11.72202,54,11.8,None,4
0041400101,1610612737,2594,29.55717,20.71283,0.0,54,11.8,None,4
0041400101,1610612737,200794,10.03282,16.58214,0.0,54,11.8,None,4
0041400101,1610612737,201960,63.94189,22.62781,0.0,54,11.8,None,4
0041400101,1610612737,201143,9.83161,33.33154,0.0,54,11.8,None,4
0041400101,1610612737,201952,19.67314,25.05751,0.0,54,11.8,None,4
0041400101,1610612751,2207,6.52623,33.66854,0.0,54,11.8,None,4
0041400101,1610612751,101187,12.73966,16.03446,0.0,54,11.8,None,4
0041400101,1610612751,101114,26.76067,39.9343,0.0,54,11.8,None,4
0041400101,1610612751,201152,6.68465,16.32732,0.0,54,11.8,None,4
0041400101,1610612751,202711,27.4722,14.15862,0.0,54,11.8,None,4
0041400101,-1,-1,14.21431,24.93177,11.97379,55,11.8,None,4
0041400101,1610612737,2594,29.47558,20.73664,0.0,55,11.8,None,4
0041400101,1610612737,200794,10.08092,16.66689,0.0,55,11.8,None,4
0041400101,1610612737,201960,63.9405,22.62763,0.0,55,11.8,None,4
0041400101,1610612737,201143,9.86609,33.30783,0.0,55,11.8,None,4
0041400101,1610612737,201952,19.67103,25.06434,0.0,55,11.8,None,4
0041400101,1610612751,2207,6.53644,33.66963,0.0,55,11.8,None,4
0041400101,1610612751,101187,12.74676,16.03693,0.0,55,11.8,None,4
0041400101,1610612751,101114,26.75973,39.93704,0.0,55,11.8,None,4
0041400101,1610612751,201152,6.69288,16.37951,0.0,55,11.8,None,4
0041400101,1610612751,202711,27.47359,14.15016,0.0,55,11.8,None,4
0041400101,-1,-1,13.66476,24.96439,12.2744,56,11.8,None,4
0041400101,1610612737,2594,29.39213,20.75657,0.0,56,11.8,None,4
0041400101,1610612737,200794,10.12958,16.75322,0.0,56,11.8,None,4
0041400101,1610612737,201960,63.9393,22.62648,0.0,56,11.8,None,4
0041400101,1610612737,201143,9.90204,33.29006,0.0,56,11.8,None,4
0041400101,1610612737,201952,19.66777,25.072,0.0,56,11.8,None,4
0041400101,1610612751,2207,6.54592,33.67101,0.0,56,11.8,None,4
0041400101,1610612751,101187,12.75181,16.04394,0.0,56,11.8,None,4
0041400101,1610612751,101114,26.75995,39.93849,0.0,56,11.8,None,4
0041400101,1610612751,201152,6.69958,16.43854,0.0,56,11.8,None,4
0041400101,1610612751,202711,27.47584,14.14422,0.0,56,11.8,None,4
0041400101,-1,-1,13.08495,24.86001,12.6166,57,11.8,None,4
0041400101,1610612737,2594,29.30887,20.78261,0.0,57,11.8,None,4
0041400101,1610612737,200794,10.17948,16.84375,0.0,57,11.8,None,4
0041400101,1610612737,201960,63.9393,22.62648,0.0,57,11.8,None,4
0041400101,1610612737,201143,9.93783,33.27033,0.0,57,11.8,None,4
0041400101,1610612737,201952,19.66401,25.0778,0.0,57,11.8,None,4
0041400101,1610612751,2207,6.55775,33.67324,0.0,57,11.8,None,4
0041400101,1610612751,101187,12.75953,16.04696,0.0,57,11.8,None,4
0041400101,1610612751,101114,26.75838,39.9413,0.0,57,11.8,None,4
0041400101,1610612751,201152,6.70793,16.49881,0.0,57,11.8,None,4
0041400101,1610612751,202711,27.47914,14.1407,0.0,57,11.8,None,4
0041400101,-1,-1,12.60206,24.82257,12.70768,58,11.8,None,4
0041400101,1610612737,2594,29.22788,20.8107,0.0,58,11.8,None,4
0041400101,1610612737,200794,10.22684,16.93736,0.0,58,11.8,None,4
0041400101,1610612737,201960,63.93805,22.62587,0.0,58,11.8,None,4
0041400101,1610612737,201143,9.97248,33.24882,0.0,58,11.8,None,4
0041400101,1610612737,201952,19.65745,25.08712,0.0,58,11.8,None,4
0041400101,1610612751,2207,6.56812,33.67285,0.0,58,11.8,None,4
0041400101,1610612751,101187,12.76548,16.05164,0.0,58,11.8,None,4
0041400101,1610612751,101114,26.75883,39.94121,0.0,58,11.8,None,4
0041400101,1610612751,201152,6.71673,16.56798,0.0,58,11.8,None,4
0041400101,1610612751,202711,27.48538,14.13518,0.0,58,11.8,None,4
0041400101,-1,-1,12.10493,24.84561,12.97015,59,11.8,None,4
0041400101,1610612737,2594,29.14403,20.8408,0.0,59,11.8,None,4
0041400101,1610612737,200794,10.26387,17.00485,0.0,59,11.8,None,4
0041400101,1610612737,201960,63.93602,22.62492,0.0,59,11.8,None,4
0041400101,1610612737,201143,10.0081,33.22488,0.0,59,11.8,None,4
0041400101,1610612737,201952,19.6506,25.09161,0.0,59,11.8,None,4
0041400101,1610612751,2207,6.57931,33.67192,0.0,59,11.8,None,4
0041400101,1610612751,101187,12.77654,16.05683,0.0,59,11.8,None,4
0041400101,1610612751,101114,26.76053,39.94121,0.0,59,11.8,None,4
0041400101,1610612751,201152,6.72965,16.64405,0.0,59,11.8,None,4
0041400101,1610612751,202711,27.49363,14.13114,0.0,59,11.8,None,4
0041400101,-1,-1,11.58372,24.87927,12.91467,60,11.8,None,4
0041400101,1610612737,2594,29.05947,20.87444,0.0,60,11.8,None,4
0041400101,1610612737,200794,10.30277,17.0808,0.0,60,11.8,None,4
0041400101,1610612737,201960,63.9344,22.61962,0.0,60,11.8,None,4
0041400101,1610612737,201143,10.04085,33.19376,0.0,60,11.8,None,4
0041400101,1610612737,201952,19.64059,25.09867,0.0,60,11.8,None,4
0041400101,1610612751,2207,6.5895,33.66985,0.0,60,11.8,None,4
0041400101,1610612751,101187,12.78413,16.06383,0.0,60,11.8,None,4
0041400101,1610612751,101114,26.75993,39.9407,0.0,60,11.8,None,4
0041400101,1610612751,201152,6.74655,16.72806,0.0,60,11.8,None,4
0041400101,1610612751,202711,27.50454,14.12796,0.0,60,11.8,None,4
0041400101,-1,-1,11.02631,24.87968,12.94039,61,11.8,None,4
0041400101,1610612737,2594,28.97434,20.91355,0.0,61,11.8,None,4
0041400101,1610612737,200794,10.34436,17.15181,0.0,61,11.8,None,4
0041400101,1610612737,201960,63.93325,22.61519,0.0,61,11.8,None,4
0041400101,1610612737,201143,10.07622,33.1578,0.0,61,11.8,None,4
0041400101,1610612737,201952,19.6252,25.10415,0.0,61,11.8,None,4
0041400101,1610612751,2207,6.60144,33.66783,0.0,61,11.8,None,4
0041400101,1610612751,101187,12.79153,16.0811,0.0,61,11.8,None,4
0041400101,1610612751,101114,26.7624,39.9375,0.0,61,11.8,None,4
0041400101,1610612751,201152,6.7577,16.80991,0.0,61,11.8,None,4
0041400101,1610612751,202711,27.51583,14.12693,0.0,61,11.8,None,4
0041400101,-1,-1,10.62063,24.68302,12.99953,62,11.8,None,4
0041400101,1610612737,2594,28.89034,20.95368,0.0,62,11.8,None,4
0041400101,1610612737,200794,10.38509,17.22386,0.0,62,11.8,None,4
0041400101,1610612737,201960,63.9313,22.60969,0.0,62,11.8,None,4
0041400101,1610612737,201143,10.11103,33.11525,0.0,62,11.8,None,4
0041400101,1610612737,201952,19.6073,25.11647,0.0,62,11.8,None,4
0041400101,1610612751,2207,6.61653,33.66677,0.0,62,11.8,None,4
0041400101,1610612751,101187,12.80021,16.10932,0.0,62,11.8,None,4
0041400101,1610612751,101114,26.76237,39.93842,0.0,62,11.8,None,4
0041400101,1610612751,201152,6.77289,16.89498,0.0,62,11.8,None,4
0041400101,1610612751,202711,27.53354,14.12603,0.0,62,11.8,None,4
0041400101,-1,-1,9.88088,24.90611,12.88921,63,11.8,None,4
0041400101,1610612737,2594,28.80224,21.00025,0.0,63,11.8,None,4
0041400101,1610612737,200794,10.4289,17.2955,0.0,63,11.8,None,4
0041400101,1610612737,201960,63.93021,22.60406,0.0,63,11.8,None,4
0041400101,1610612737,201143,10.14783,33.06976,0.0,63,11.8,None,4
0041400101,1610612737,201952,19.58744,25.12455,0.0,63,11.8,None,4
0041400101,1610612751,2207,6.63261,33.66512,0.0,63,11.8,None,4
0041400101,1610612751,101187,12.80744,16.14236,0.0,63,11.8,None,4
0041400101,1610612751,101114,26.76107,39.9376,0.0,63,11.8,None,4
0041400101,1610612751,201152,6.78883,16.97648,0.0,63,11.8,None,4
0041400101,1610612751,202711,27.55206,14.12874,0.0,63,11.8,None,4
0041400101,-1,-1,9.42473,24.89506,12.72974,64,11.8,None,4
0041400101,1610612737,2594,28.7142,21.04893,0.0,64,11.8,None,4
0041400101,1610612737,200794,10.48402,17.39451,0.0,64,11.8,None,4
0041400101,1610612737,201960,63.92894,22.59862,0.0,64,11.8,None,4
0041400101,1610612737,201143,10.18143,33.01667,0.0,64,11.8,None,4
0041400101,1610612737,201952,19.56055,25.13777,0.0,64,11.8,None,4
0041400101,1610612751,2207,6.64996,33.66498,0.0,64,11.8,None,4
0041400101,1610612751,101187,12.82296,16.16202,0.0,64,11.8,None,4
0041400101,1610612751,101114,26.75988,39.93725,0.0,64,11.8,None,4
0041400101,1610612751,201152,6.80197,17.06844,0.0,64,11.8,None,4
0041400101,1610612751,202711,27.57768,14.13473,0.0,64,11.8,None,4
0041400101,-1,-1,8.96782,24.73523,12.66727,65,11.8,None,4
0041400101,1610612737,2594,28.62219,21.10066,0.0,65,11.8,None,4
0041400101,1610612737,200794,10.5408,17.48581,0.0,65,11.8,None,4
0041400101,1610612737,201960,63.92889,22.59916,0.0,65,11.8,None,4
0041400101,1610612737,201143,10.21613,32.96044,0.0,65,11.8,None,4
0041400101,1610612737,201952,19.52566,25.15298,0.0,65,11.8,None,4
0041400101,1610612751,2207,6.66637,33.66533,0.0,65,11.8,None,4
0041400101,1610612751,101187,12.83121,16.19479,0.0,65,11.8,None,4
0041400101,1610612751,101114,26.75951,39.93569,0.0,65,11.8,None,4
0041400101,1610612751,201152,6.81488,17.16486,0.0,65,11.8,None,4
0041400101,1610612751,202711,27.60718,14.14282,0.0,65,11.8,None,4
0041400101,-1,-1,8.57911,24.6374,12.6032,66,11.8,None,4
0041400101,1610612737,2594,28.53147,21.15725,0.0,66,11.8,None,4
0041400101,1610612737,200794,10.5976,17.57051,0.0,66,11.8,None,4
0041400101,1610612737,201960,63.9285,22.59495,0.0,66,11.8,None,4
0041400101,1610612737,201143,10.24756,32.90096,0.0,66,11.8,None,4
0041400101,1610612737,201952,19.484,25.16962,0.0,66,11.8,None,4
0041400101,1610612751,2207,6.68285,33.66317,0.0,66,11.8,None,4
0041400101,1610612751,101187,12.84077,16.22746,0.0,66,11.8,None,4
0041400101,1610612751,101114,26.75984,39.93388,0.0,66,11.8,None,4
0041400101,1610612751,201152,6.82436,17.26312,0.0,66,11.8,None,4
0041400101,1610612751,202711,27.64065,14.14962,0.0,66,11.8,None,4
0041400101,-1,-1,8.01794,24.67882,12.25796,67,11.8,None,4
0041400101,1610612737,2594,28.43803,21.21481,0.0,67,11.8,None,4
0041400101,1610612737,200794,10.65658,17.65306,0.0,67,11.8,None,4
0041400101,1610612737,201960,63.92745,22.59014,0.0,67,11.8,None,4
0041400101,1610612737,201143,10.277,32.83428,0.0,67,11.8,None,4
0041400101,1610612737,201952,19.43675,25.1766,0.0,67,11.8,None,4
0041400101,1610612751,2207,6.69959,33.66233,0.0,67,11.8,None,4
0041400101,1610612751,101187,12.84659,16.25734,0.0,67,11.8,None,4
0041400101,1610612751,101114,26.76103,39.92807,0.0,67,11.8,None,4
0041400101,1610612751,201152,6.8379,17.36742,0.0,67,11.8,None,4
0041400101,1610612751,202711,27.67863,14.15603,0.0,67,11.8,None,4
0041400101,-1,-1,7.30765,24.84802,11.6729,68,11.8,None,4
0041400101,1610612737,2594,28.34046,21.27488,0.0,68,11.8,None,4
0041400101,1610612737,200794,10.71155,17.74326,0.0,68,11.8,None,4
0041400101,1610612737,201960,63.92629,22.5845,0.0,68,11.8,None,4
0041400101,1610612737,201143,10.30866,32.76522,0.0,68,11.8,None,4
0041400101,1610612737,201952,19.38553,25.1769,0.0,68,11.8,None,4
0041400101,1610612751,2207,6.71417,33.66142,0.0,68,11.8,None,4
0041400101,1610612751,101187,12.85181,16.29124,0.0,68,11.8,None,4
0041400101,1610612751,101114,26.76034,39.92647,0.0,68,11.8,None,4
0041400101,1610612751,201152,6.8542,17.47019,0.0,68,11.8,None,4
0041400101,1610612751,202711,27.71486,14.16366,0.0,68,11.8,None,4
0041400101,-1,-1,7.00504,24.74256,11.40041,69,11.8,None,4
0041400101,1610612737,2594,28.23867,21.33381,0.0,69,11.8,None,4
0041400101,1610612737,200794,10.7681,17.83104,0.0,69,11.8,None,4
0041400101,1610612737,201960,63.92514,22.58033,0.0,69,11.8,None,4
0041400101,1610612737,201143,10.34027,32.69358,0.0,69,11.8,None,4
0041400101,1610612737,201952,19.32709,25.17286,0.0,69,11.8,None,4
0041400101,1610612751,2207,6.72797,33.65845,0.0,69,11.8,None,4
0041400101,1610612751,101187,12.86128,16.32572,0.0,69,11.8,None,4
0041400101,1610612751,101114,26.76106,39.92253,0.0,69,11.8,None,4
0041400101,1610612751,201152,6.87633,17.56557,0.0,69,11.8,None,4
0041400101,1610612751,202711,27.75878,14.17315,0.0,69,11.8,None,4
0041400101,-1,-1,6.46479,24.62454,11.27965,70,11.8,None,4
0041400101,1610612737,2594,28.13653,21.39262,0.0,70,11.8,None,4
0041400101,1610612737,200794,10.82695,17.91997,0.0,70,11.8,None,4
0041400101,1610612737,201960,63.92531,22.58122,0.0,70,11.8,None,4
0041400101,1610612737,201143,10.37601,32.61767,0.0,70,11.8,None,4
0041400101,1610612737,201952,19.26222,25.16355,0.0,70,11.8,None,4
0041400101,1610612751,2207,6.74014,33.65592,0.0,70,11.8,None,4
0041400101,1610612751,101187,12.87447,16.35417,0.0,70,11.8,None,4
0041400101,1610612751,101114,26.76137,39.91874,0.0,70,11.8,None,4
0041400101,1610612751,201152,6.89848,17.66066,0.0,70,11.8,None,4
0041400101,1610612751,202711,27.80501,14.18388,0.0,70,11.8,None,4
0041400101,-1,-1,5.90387,24.79588,10.47918,71,11.8,None,4
0041400101,1610612737,2594,28.03134,21.45938,0.0,71,11.8,None,4
0041400101,1610612737,200794,10.88939,18.00842,0.0,71,11.8,None,4
0041400101,1610612737,201960,63.92456,22.57686,0.0,71,11.8,None,4
0041400101,1610612737,201143,10.41053,32.53382,0.0,71,11.8,None,4
0041400101,1610612737,201952,19.19513,25.1516,0.0,71,11.8,None,4
0041400101,1610612751,2207,6.75411,33.65467,0.0,71,11.8,None,4
0041400101,1610612751,101187,12.88846,16.38065,0.0,71,11.8,None,4
0041400101,1610612751,101114,26.76336,39.91162,0.0,71,11.8,None,4
0041400101,1610612751,201152,6.92265,17.75214,0.0,71,11.8,None,4
0041400101,1610612751,202711,27.85158,14.19193,0.0,71,11.8,None,4
0041400101,-1,-1,5.28817,24.69691,9.99187,72,11.8,None,4
0041400101,1610612737,2594,27.92894,21.52236,0.0,72,11.8,None,4
0041400101,1610612737,200794,10.95302,18.09423,0.0,72,11.8,None,4
0041400101,1610612737,201960,63.92317,22.57231,0.0,72,11.8,None,4
0041400101,1610612737,201143,10.44981,32.44414,0.0,72,11.8,None,4
0041400101,1610612737,201952,19.12033,25.1364,0.0,72,11.8,None,4
0041400101,1610612751,2207,6.76652,33.65472,0.0,72,11.8,None,4
0041400101,1610612751,101187,12.90037,16.40663,0.0,72,11.8,None,4
0041400101,1610612751,101114,26.76673,39.90471,0.0,72,11.8,None,4
0041400101,1610612751,201152,6.94799,17.84691,0.0,72,11.8,None,4
0041400101,1610612751,202711,27.90582,14.19414,0.0,72,11.8,None,4
0041400101,-1,-1,4.89576,24.53543,9.47954,73,11.8,None,4
0041400101,1610612737,2594,27.82317,21.59076,0.0,73,11.8,None,4
0041400101,1610612737,200794,11.02184,18.18089,0.0,73,11.8,None,4
0041400101,1610612737,201960,63.92259,22.56687,0.0,73,11.8,None,4
0041400101,1610612737,201143,10.49043,32.34973,0.0,73,11.8,None,4
0041400101,1610612737,201952,19.04245,25.11623,0.0,73,11.8,None,4
0041400101,1610612751,2207,6.78333,33.65426,0.0,73,11.8,None,4
0041400101,1610612751,101187,12.91311,16.43085,0.0,73,11.8,None,4
0041400101,1610612751,101114,26.76666,39.90254,0.0,73,11.8,None,4
0041400101,1610612751,201152,6.97127,17.93701,0.0,73,11.8,None,4
0041400101,1610612751,202711,27.95737,14.19771,0.0,73,11.8,None,4
0041400101,-1,-1,4.62397,24.55989,9.1316,74,11.8,None,4
0041400101,1610612737,2594,27.71635,21.65946,0.0,74,11.8,None,4
0041400101,1610612737,200794,11.09633,18.27053,0.0,74,11.8,None,4
0041400101,1610612737,201960,63.92295,22.56701,0.0,74,11.8,None,4
0041400101,1610612737,201143,10.533,32.2546,0.0,74,11.8,None,4
0041400101,1610612737,201952,18.96033,25.10116,0.0,74,11.8,None,4
0041400101,1610612751,2207,6.79852,33.65564,0.0,74,11.8,None,4
0041400101,1610612751,101187,12.92154,16.45991,0.0,74,11.8,None,4
0041400101,1610612751,101114,26.76724,39.8987,0.0,74,11.8,None,4
0041400101,1610612751,201152,6.99704,18.02518,0.0,74,11.8,None,4
0041400101,1610612751,202711,28.01569,14.20355,0.0,74,11.8,None,4
0041400101,-1,-1,4.39673,24.6137,8.84568,75,11.8,None,4
0041400101,1610612737,2594,27.60576,21.72886,0.0,75,11.8,None,4
0041400101,1610612737,200794,11.1732,18.35154,0.0,75,11.8,None,4
0041400101,1610612737,201960,63.92403,22.57123,0.0,75,11.8,None,4
0041400101,1610612737,201143,10.57925,32.16118,0.0,75,11.8,None,4
0041400101,1610612737,201952,18.87584,25.08133,0.0,75,11.8,None,4
0041400101,1610612751,2207,6.8146,33.65844,0.0,75,11.8,None,4
0041400101,1610612751,101187,12.92945,16.48762,0.0,75,11.8,None,4
0041400101,1610612751,101114,26.76844,39.89563,0.0,75,11.8,None,4
0041400101,1610612751,201152,7.02882,18.11524,0.0,75,11.8,None,4
0041400101,1610612751,202711,28.07163,14.20676,0.0,75,11.8,None,4
0041400101,-1,-1,4.19819,24.6675,8.59025,76,11.8,None,4
0041400101,1610612737,2594,27.49431,21.79265,0.0,76,11.8,None,4
0041400101,1610612737,200794,11.25112,18.43555,0.0,76,11.8,None,4
0041400101,1610612737,201960,63.92524,22.57511,0.0,76,11.8,None,4
0041400101,1610612737,201143,10.62724,32.06827,0.0,76,11.8,None,4
0041400101,1610612737,201952,18.78932,25.06218,0.0,76,11.8,None,4
0041400101,1610612751,2207,6.82996,33.66053,0.0,76,11.8,None,4
0041400101,1610612751,101187,12.93526,16.50155,0.0,76,11.8,None,4
0041400101,1610612751,101114,26.76826,39.89423,0.0,76,11.8,None,4
0041400101,1610612751,201152,7.0664,18.2058,0.0,76,11.8,None,4
0041400101,1610612751,202711,28.12887,14.20968,0.0,76,11.8,None,4
0041400101,-1,-1,4.01247,24.69196,8.3338,77,11.8,None,4
0041400101,1610612737,2594,27.37983,21.85825,0.0,77,11.8,None,4
0041400101,1610612737,200794,11.34012,18.54231,0.0,77,11.8,None,4
0041400101,1610612737,201960,63.92638,22.57994,0.0,77,11.8,None,4
0041400101,1610612737,201143,10.67939,31.97295,0.0,77,11.8,None,4
0041400101,1610612737,201952,18.697,25.0355,0.0,77,11.8,None,4
0041400101,1610612751,2207,6.84505,33.66254,0.0,77,11.8,None,4
0041400101,1610612751,101187,12.94007,16.50546,0.0,77,11.8,None,4
0041400101,1610612751,101114,26.76747,39.89157,0.0,77,11.8,None,4
0041400101,1610612751,201152,7.11084,18.29568,0.0,77,11.8,None,4
0041400101,1610612751,202711,28.18462,14.20826,0.0,77,11.8,None,4
0041400101,-1,-1,3.84608,24.58034,8.07762,78,11.8,None,4
0041400101,1610612737,2594,27.26643,21.92188,0.0,78,11.8,None,4
0041400101,1610612737,200794,11.42939,18.64483,0.0,78,11.8,None,4
0041400101,1610612737,201960,63.92747,22.58557,0.0,78,11.8,None,4
0041400101,1610612737,201143,10.73222,31.87376,0.0,78,11.8,None,4
0041400101,1610612737,201952,18.59998,25.01185,0.0,78,11.8,None,4
0041400101,1610612751,2207,6.85674,33.66624,0.0,78,11.8,None,4
0041400101,1610612751,101187,12.94723,16.5051,0.0,78,11.8,None,4
0041400101,1610612751,101114,26.76981,39.88773,0.0,78,11.8,None,4
0041400101,1610612751,201152,7.15079,18.38849,0.0,78,11.8,None,4
0041400101,1610612751,202711,28.24374,14.20876,0.0,78,11.8,None,4
0041400101,-1,-1,3.70769,24.61921,7.6166,79,11.8,None,4
0041400101,1610612737,2594,27.15237,21.98424,0.0,79,11.8,None,4
0041400101,1610612737,200794,11.51961,18.74205,0.0,79,11.8,None,4
0041400101,1610612737,201960,63.92805,22.59101,0.0,79,11.8,None,4
0041400101,1610612737,201143,10.78243,31.783,0.0,79,11.8,None,4
0041400101,1610612737,201952,18.50489,24.98797,0.0,79,11.8,None,4
0041400101,1610612751,2207,6.86694,33.67305,0.0,79,11.8,None,4
0041400101,1610612751,101187,12.94283,16.49498,0.0,79,11.8,None,4
0041400101,1610612751,101114,26.76989,39.88485,0.0,79,11.8,None,4
0041400101,1610612751,201152,7.19554,18.4743,0.0,79,11.8,None,4
0041400101,1610612751,202711,28.30082,14.20667,0.0,79,11.8,None,4
0041400101,-1,-1,3.59892,24.50689,6.94901,80,11.8,None,4
0041400101,1610612737,2594,27.0389,22.03885,0.0,80,11.8,None,4
0041400101,1610612737,200794,11.61108,18.84155,0.0,80,11.8,None,4
0041400101,1610612737,201960,63.92786,22.59147,0.0,80,11.8,None,4
0041400101,1610612737,201143,10.84032,31.6851,0.0,80,11.8,None,4
0041400101,1610612737,201952,18.40887,24.95464,0.0,80,11.8,None,4
0041400101,1610612751,2207,6.87982,33.67924,0.0,80,11.8,None,4
0041400101,1610612751,101187,12.93741,16.47328,0.0,80,11.8,None,4
0041400101,1610612751,101114,26.77262,39.88088,0.0,80,11.8,None,4
0041400101,1610612751,201152,7.24214,18.55493,0.0,80,11.8,None,4
0041400101,1610612751,202711,28.35472,14.1974,0.0,80,11.8,None,4
0041400101,-1,-1,3.36189,24.58469,6.70451,81,11.8,None,4
0041400101,1610612737,2594,26.91787,22.09973,0.0,81,11.8,None,4
0041400101,1610612737,200794,11.70513,18.94266,0.0,81,11.8,None,4
0041400101,1610612737,201960,63.92883,22.59617,0.0,81,11.8,None,4
0041400101,1610612737,201143,10.90238,31.58518,0.0,81,11.8,None,4
0041400101,1610612737,201952,18.31105,24.92543,0.0,81,11.8,None,4
0041400101,1610612751,2207,6.89199,33.68808,0.0,81,11.8,None,4
0041400101,1610612751,101187,12.92868,16.45274,0.0,81,11.8,None,4
0041400101,1610612751,101114,26.77393,39.87773,0.0,81,11.8,None,4
0041400101,1610612751,201152,7.29272,18.63695,0.0,81,11.8,None,4
0041400101,1610612751,202711,28.40547,14.1894,0.0,81,11.8,None,4
0041400101,-1,-1,3.19488,24.57527,6.02789,82,11.8,None,4
0041400101,1610612737,2594,26.7998,22.15722,0.0,82,11.8,None,4
0041400101,1610612737,200794,11.799,19.03993,0.0,82,11.8,None,4
0041400101,1610612737,201960,63.92988,22.60099,0.0,82,11.8,None,4
0041400101,1610612737,201143,10.97545,31.49317,0.0,82,11.8,None,4
0041400101,1610612737,201952,18.21255,24.90531,0.0,82,11.8,None,4
0041400101,1610612751,2207,6.90466,33.69415,0.0,82,11.8,None,4
0041400101,1610612751,101187,12.91709,16.43564,0.0,82,11.8,None,4
0041400101,1610612751,101114,26.77393,39.87773,0.0,82,11.8,None,4
0041400101,1610612751,201152,7.3423,18.71568,0.0,82,11.8,None,4
0041400101,1610612751,202711,28.45305,14.17834,0.0,82,11.8,None,4
0041400101,-1,-1,3.00482,24.47521,5.33272,83,11.8,None,4
0041400101,1610612737,2594,26.68397,22.21275,0.0,83,11.8,None,4
0041400101,1610612737,200794,11.89747,19.12211,0.0,83,11.8,None,4
0041400101,1610612737,201960,63.93116,22.60615,0.0,83,11.8,None,4
0041400101,1610612737,201143,11.05857,31.37779,0.0,83,11.8,None,4
0041400101,1610612737,201952,18.10899,24.88979,0.0,83,11.8,None,4
0041400101,1610612751,2207,6.91567,33.70075,0.0,83,11.8,None,4
0041400101,1610612751,101187,12.90696,16.41331,0.0,83,11.8,None,4
0041400101,1610612751,101114,26.77519,39.87475,0.0,83,11.8,None,4
0041400101,1610612751,201152,7.39256,18.79292,0.0,83,11.8,None,4
0041400101,1610612751,202711,28.50036,14.16274,0.0,83,11.8,None,4
0041400101,-1,-1,2.83065,24.44393,4.81911,84,11.8,None,4
0041400101,1610612737,2594,26.56804,22.27034,0.0,84,11.8,None,4
0041400101,1610612737,200794,11.9951,19.20129,0.0,84,11.8,None,4
0041400101,1610612737,201960,63.93248,22.61044,0.0,84,11.8,None,4
0041400101,1610612737,201143,11.1448,31.26578,0.0,84,11.8,None,4
0041400101,1610612737,201952,18.00023,24.88465,0.0,84,11.8,None,4
0041400101,1610612751,2207,6.92739,33.70832,0.0,84,11.8,None,4
0041400101,1610612751,101187,12.88844,16.39149,0.0,84,11.8,None,4
0041400101,1610612751,101114,26.77534,39.87419,0.0,84,11.8,None,4
0041400101,1610612751,201152,7.43897,18.87361,0.0,84,11.8,None,4
0041400101,1610612751,202711,28.5441,14.14655,0.0,84,11.8,None,4
0041400101,-1,-1,2.70382,24.41894,4.15246,85,11.8,None,4
0041400101,1610612737,2594,26.45086,22.32848,0.0,85,11.8,None,4
0041400101,1610612737,200794,12.08714,19.28099,0.0,85,11.8,None,4
0041400101,1610612737,201960,63.93226,22.6101,0.0,85,11.8,None,4
0041400101,1610612737,201143,11.2375,31.14841,0.0,85,11.8,None,4
0041400101,1610612737,201952,17.89334,24.88758,0.0,85,11.8,None,4
0041400101,1610612751,2207,6.93916,33.7164,0.0,85,11.8,None,4
0041400101,1610612751,101187,12.87015,16.36825,0.0,85,11.8,None,4
0041400101,1610612751,101114,26.77566,39.87395,0.0,85,11.8,None,4
0041400101,1610612751,201152,7.48495,18.94892,0.0,85,11.8,None,4
0041400101,1610612751,202711,28.58281,14.12695,0.0,85,11.8,None,4
0041400101,-1,-1,2.51177,24.39333,3.34048,86,11.8,None,4
0041400101,1610612737,2594,26.33262,22.38359,0.0,86,11.8,None,4
0041400101,1610612737,200794,12.1757,19.35916,0.0,86,11.8,None,4
0041400101,1610612737,201960,63.93335,22.61432,0.0,86,11.8,None,4
0041400101,1610612737,201143,11.34054,31.01823,0.0,86,11.8,None,4
0041400101,1610612737,201952,17.78371,24.89723,0.0,86,11.8,None,4
0041400101,1610612751,2207,6.94888,33.72359,0.0,86,11.8,None,4
0041400101,1610612751,101187,12.84864,16.34633,0.0,86,11.8,None,4
0041400101,1610612751,101114,26.77415,39.87541,0.0,86,11.8,None,4
0041400101,1610612751,201152,7.53077,19.02082,0.0,86,11.8,None,4
0041400101,1610612751,202711,28.62125,14.10246,0.0,86,11.8,None,4
0041400101,-1,-1,2.4422,24.35735,2.62602,87,11.8,None,4
0041400101,1610612737,2594,26.20603,22.43763,0.0,87,11.8,None,4
0041400101,1610612737,200794,12.26437,19.43449,0.0,87,11.8,None,4
0041400101,1610612737,201960,63.93456,22.61935,0.0,87,11.8,None,4
0041400101,1610612737,201143,11.44421,30.89488,0.0,87,11.8,None,4
0041400101,1610612737,201952,17.67376,24.91382,0.0,87,11.8,None,4
0041400101,1610612751,2207,6.95803,33.72887,0.0,87,11.8,None,4
0041400101,1610612751,101187,12.82256,16.32613,0.0,87,11.8,None,4
0041400101,1610612751,101114,26.77184,39.87712,0.0,87,11.8,None,4
0041400101,1610612751,201152,7.5728,19.08688,0.0,87,11.8,None,4
0041400101,1610612751,202711,28.65106,14.07997,0.0,87,11.8,None,4
0041400101,-1,-1,2.29333,24.42298,1.94733,88,11.8,None,4
0041400101,1610612737,2594,26.08044,22.48596,0.0,88,11.8,None,4
0041400101,1610612737,200794,12.35003,19.50946,0.0,88,11.8,None,4
0041400101,1610612737,201960,63.93541,22.62459,0.0,88,11.8,None,4
0041400101,1610612737,201143,11.5518,30.77201,0.0,88,11.8,None,4
0041400101,1610612737,201952,17.56579,24.93924,0.0,88,11.8,None,4
0041400101,1610612751,2207,6.96397,33.73486,0.0,88,11.8,None,4
0041400101,1610612751,101187,12.79343,16.30619,0.0,88,11.8,None,4
0041400101,1610612751,101114,26.77214,39.87519,0.0,88,11.8,None,4
0041400101,1610612751,201152,7.61535,19.14645,0.0,88,11.8,None,4
0041400101,1610612751,202711,28.68167,14.05363,0.0,88,11.8,None,4
0041400101,-1,-1,2.21558,24.37661,0.99944,89,11.8,None,4
0041400101,1610612737,2594,25.95631,22.53582,0.0,89,11.8,None,4
0041400101,1610612737,200794,12.42955,19.58285,0.0,89,11.8,None,4
0041400101,1610612737,201960,63.93519,22.62424,0.0,89,11.8,None,4
0041400101,1610612737,201143,11.66452,30.6414,0.0,89,11.8,None,4
0041400101,1610612737,201952,17.45258,24.96636,0.0,89,11.8,None,4
0041400101,1610612751,2207,6.97024,33.74155,0.0,89,11.8,None,4
0041400101,1610612751,101187,12.76025,16.28189,0.0,89,11.8,None,4
0041400101,1610612751,101114,26.76943,39.87786,0.0,89,11.8,None,4
0041400101,1610612751,201152,7.65474,19.21011,0.0,89,11.8,None,4
0041400101,1610612751,202711,28.70466,14.01896,0.0,89,11.8,None,4
0041400101,-1,-1,2.12726,24.42226,0.54353,90,11.8,None,4
0041400101,1610612737,2594,25.83189,22.58238,0.0,90,11.8,None,4
0041400101,1610612737,200794,12.5042,19.65416,0.0,90,11.8,None,4
0041400101,1610612737,201960,63.93408,22.6246,0.0,90,11.8,None,4
0041400101,1610612737,201143,11.78097,30.51054,0.0,90,11.8,None,4
0041400101,1610612737,201952,17.34159,25.00431,0.0,90,11.8,None,4
0041400101,1610612751,2207,6.97666,33.75035,0.0,90,11.8,None,4
0041400101,1610612751,101187,12.72158,16.26216,0.0,90,11.8,None,4
0041400101,1610612751,101114,26.7676,39.87854,0.0,90,11.8,None,4
0041400101,1610612751,201152,7.68644,19.25669,0.0,90,11.8,None,4
0041400101,1610612751,202711,28.72932,13.98758,0.0,90,11.8,None,4
0041400101,-1,-1,2.10925,24.32532,1.44545,91,11.8,None,4
0041400101,1610612737,2594,25.70927,22.62611,0.0,91,11.8,None,4
0041400101,1610612737,200794,12.57643,19.72442,0.0,91,11.8,None,4
0041400101,1610612737,201960,63.93506,22.6254,0.0,91,11.8,None,4
0041400101,1610612737,201143,11.88809,30.39342,0.0,91,11.8,None,4
0041400101,1610612737,201952,17.23145,25.04239,0.0,91,11.8,None,4
0041400101,1610612751,2207,6.98225,33.75551,0.0,91,11.8,None,4
0041400101,1610612751,101187,12.68198,16.24062,0.0,91,11.8,None,4
0041400101,1610612751,101114,26.76537,39.87877,0.0,91,11.8,None,4
0041400101,1610612751,201152,7.71449,19.30217,0.0,91,11.8,None,4
0041400101,1610612751,202711,28.75243,13.94599,0.0,91,11.8,None,4
0041400101,-1,-1,2.17923,24.28715,2.02642,92,11.8,None,4
0041400101,1610612737,2594,25.5859,22.67171,0.0,92,11.8,None,4
0041400101,1610612737,200794,12.64111,19.76941,0.0,92,11.8,None,4
0041400101,1610612737,201960,63.93471,22.62575,0.0,92,11.8,None,4
0041400101,1610612737,201143,11.99193,30.27824,0.0,92,11.8,None,4
0041400101,1610612737,201952,17.12507,25.08997,0.0,92,11.8,None,4
0041400101,1610612751,2207,6.98571,33.75917,0.0,92,11.8,None,4
0041400101,1610612751,101187,12.63993,16.21975,0.0,92,11.8,None,4
0041400101,1610612751,101114,26.76281,39.88155,0.0,92,11.8,None,4
0041400101,1610612751,201152,7.73365,19.34573,0.0,92,11.8,None,4
0041400101,1610612751,202711,28.7715,13.90874,0.0,92,11.8,None,4
0041400101,-1,-1,2.26825,24.21466,2.57886,93,11.8,None,4
0041400101,1610612737,2594,25.45826,22.71641,0.0,93,11.8,None,4
0041400101,1610612737,200794,12.69551,19.81869,0.0,93,11.8,None,4
0041400101,1610612737,201960,63.93449,22.62541,0.0,93,11.8,None,4
0041400101,1610612737,201143,12.09351,30.17174,0.0,93,11.8,None,4
0041400101,1610612737,201952,17.02097,25.1325,0.0,93,11.8,None,4
0041400101,1610612751,2207,6.98926,33.76215,0.0,93,11.8,None,4
0041400101,1610612751,101187,12.59231,16.19823,0.0,93,11.8,None,4
0041400101,1610612751,101114,26.76055,39.88275,0.0,93,11.8,None,4
0041400101,1610612751,201152,7.7517,19.3825,0.0,93,11.8,None,4
0041400101,1610612751,202711,28.7873,13.86429,0.0,93,11.8,None,4
0041400101,-1,-1,2.43812,24.15723,2.99537,94,11.8,None,4
0041400101,1610612737,2594,25.34126,22.7603,0.0,94,11.8,None,4
0041400101,1610612737,200794,12.74594,19.8685,0.0,94,11.8,None,4
0041400101,1610612737,201960,63.94337,22.5603,0.0,94,11.8,None,4
0041400101,1610612737,201143,12.19597,30.06661,0.0,94,11.8,None,4
0041400101,1610612737,201952,16.91028,25.18459,0.0,94,11.8,None,4
0041400101,1610612751,2207,6.99087,33.78331,0.0,94,11.8,None,4
0041400101,1610612751,101187,12.54267,16.19448,0.0,94,11.8,None,4
0041400101,1610612751,101114,26.75905,39.88573,0.0,94,11.8,None,4
0041400101,1610612751,201152,7.7631,19.41237,0.0,94,11.8,None,4
0041400101,1610612751,202711,28.80202,13.81326,0.0,94,11.8,None,4
0041400101,-1,-1,2.50133,24.13089,3.5933,95,11.8,None,4
0041400101,1610612737,2594,25.21869,22.81102,0.0,95,11.8,None,4
0041400101,1610612737,200794,12.7874,19.91187,0.0,95,11.8,None,4
0041400101,1610612737,201960,63.94339,22.55894,0.0,95,11.8,None,4
0041400101,1610612737,201143,12.30239,29.95736,0.0,95,11.8,None,4
0041400101,1610612737,201952,16.79978,25.19216,0.0,95,11.8,None,4
0041400101,1610612751,2207,6.9956,33.78216,0.0,95,11.8,None,4
0041400101,1610612751,101187,12.49385,16.19512,0.0,95,11.8,None,4
0041400101,1610612751,101114,26.75574,39.88776,0.0,95,11.8,None,4
0041400101,1610612751,201152,7.76982,19.43672,0.0,95,11.8,None,4
0041400101,1610612751,202711,28.81796,13.76714,0.0,95,11.8,None,4
0041400101,-1,-1,2.49675,24.16301,3.88585,96,11.8,None,4
0041400101,1610612737,2594,25.10051,22.85032,0.0,96,11.8,None,4
0041400101,1610612737,200794,12.82674,19.95795,0.0,96,11.8,None,4
0041400101,1610612737,201960,63.94339,22.55894,0.0,96,11.8,None,4
0041400101,1610612737,201143,12.40938,29.84959,0.0,96,11.8,None,4
0041400101,1610612737,201952,16.69276,25.2043,0.0,96,11.8,None,4
0041400101,1610612751,2207,7.00006,33.78091,0.0,96,11.8,None,4
0041400101,1610612751,101187,12.44302,16.19244,0.0,96,11.8,None,4
0041400101,1610612751,101114,26.75319,39.89238,0.0,96,11.8,None,4
0041400101,1610612751,201152,7.77457,19.45324,0.0,96,11.8,None,4
0041400101,1610612751,202711,28.83386,13.71467,0.0,96,11.8,None,4
0041400101,-1,-1,2.46891,24.11184,4.31587,97,11.8,None,4
0041400101,1610612737,2594,24.98275,22.89092,0.0,97,11.8,None,4
0041400101,1610612737,200794,12.86253,20.00413,0.0,97,11.8,None,4
0041400101,1610612737,201960,63.94332,22.55887,0.0,97,11.8,None,4
0041400101,1610612737,201143,12.50162,29.7526,0.0,97,11.8,None,4
0041400101,1610612737,201952,16.5803,25.21585,0.0,97,11.8,None,4
0041400101,1610612751,2207,7.00463,33.77998,0.0,97,11.8,None,4
0041400101,1610612751,101187,12.39328,16.18598,0.0,97,11.8,None,4
0041400101,1610612751,101114,26.75005,39.8966,0.0,97,11.8,None,4
0041400101,1610612751,201152,7.77419,19.46111,0.0,97,11.8,None,4
0041400101,1610612751,202711,28.84992,13.66343,0.0,97,11.8,None,4
0041400101,-1,-1,2.62159,24.23455,4.53573,98,11.8,None,4
0041400101,1610612737,2594,24.86674,22.93861,0.0,98,11.8,None,4
0041400101,1610612737,200794,12.89581,20.05511,0.0,98,11.8,None,4
0041400101,1610612737,201960,63.94325,22.5588,0.0,98,11.8,None,4
0041400101,1610612737,201143,12.57354,29.69167,0.0,98,11.8,None,4
0041400101,1610612737,201952,16.47863,25.2225,0.0,98,11.8,None,4
0041400101,1610612751,2207,7.01042,33.78122,0.0,98,11.8,None,4
0041400101,1610612751,101187,12.34092,16.17958,0.0,98,11.8,None,4
0041400101,1610612751,101114,26.74927,39.89627,0.0,98,11.8,None,4
0041400101,1610612751,201152,7.76523,19.47225,0.0,98,11.8,None,4
0041400101,1610612751,202711,28.86572,13.61057,0.0,98,11.8,None,4
0041400101,-1,-1,2.68939,24.33172,4.69988,99,11.8,None,4
0041400101,1610612737,2594,24.74283,22.9797,0.0,99,11.8,None,4
0041400101,1610612737,200794,12.92369,20.10101,0.0,99,11.8,None,4
0041400101,1610612737,201960,63.94303,22.55922,0.0,99,11.8,None,4
0041400101,1610612737,201143,12.64336,29.62161,0.0,99,11.8,None,4
0041400101,1610612737,201952,16.3949,25.24389,0.0,99,11.8,None,4
0041400101,1610612751,2207,7.01326,33.78141,0.0,99,11.8,None,4
0041400101,1610612751,101187,12.29103,16.17358,0.0,99,11.8,None,4
0041400101,1610612751,101114,26.74686,39.89992,0.0,99,11.8,None,4
0041400101,1610612751,201152,7.75525,19.477,0.0,99,11.8,None,4
0041400101,1610612751,202711,28.87941,13.5571,0.0,99,11.8,None,4
0041400101,-1,-1,2.6754,24.36084,4.66831,100,11.8,None,4
0041400101,1610612737,2594,24.6205,23.01961,0.0,100,11.8,None,4
0041400101,1610612737,200794,12.95116,20.13721,0.0,100,11.8,None,4
0041400101,1610612737,201960,63.94373,22.55928,0.0,100,11.8,None,4
0041400101,1610612737,201143,12.69633,29.58058,0.0,100,11.8,None,4
0041400101,1610612737,201952,16.31915,25.25729,0.0,100,11.8,None,4
0041400101,1610612751,2207,7.01822,33.78087,0.0,100,11.8,None,4
0041400101,1610612751,101187,12.24059,16.16847,0.0,100,11.8,None,4
0041400101,1610612751,101114,26.74577,39.90092,0.0,100,11.8,None,4
0041400101,1610612751,201152,7.74048,19.46988,0.0,100,11.8,None,4
0041400101,1610612751,202711,28.89136,13.50312,0.0,100,11.8,None,4
0041400101,-1,-1,2.88333,24.46239,4.93378,101,11.8,None,4
0041400101,1610612737,2594,24.50191,23.0606,0.0,101,11.8,None,4
0041400101,1610612737,200794,12.97399,20.16627,0.0,101,11.8,None,4
0041400101,1610612737,201960,63.94339,22.55941,0.0,101,11.8,None,4
0041400101,1610612737,201143,12.73575,29.56015,0.0,101,11.8,None,4
0041400101,1610612737,201952,16.24693,25.26234,0.0,101,11.8,None,4
0041400101,1610612751,2207,7.02189,33.77679,0.0,101,11.8,None,4
0041400101,1610612751,101187,12.19132,16.15852,0.0,101,11.8,None,4
0041400101,1610612751,101114,26.74317,39.90535,0.0,101,11.8,None,4
0041400101,1610612751,201152,7.71672,19.45091,0.0,101,11.8,None,4
0041400101,1610612751,202711,28.90847,13.45349,0.0,101,11.8,None,4
0041400101,-1,-1,2.82942,24.54947,4.81112,102,11.8,None,4
0041400101,1610612737,2594,24.37835,23.10094,0.0,102,11.8,None,4
0041400101,1610612737,200794,12.99241,20.18833,0.0,102,11.8,None,4
0041400101,1610612737,201960,63.94336,22.55859,0.0,102,11.8,None,4
0041400101,1610612737,201143,12.76701,29.54851,0.0,102,11.8,None,4
0041400101,1610612737,201952,16.18244,25.26088,0.0,102,11.8,None,4
0041400101,1610612751,2207,7.02604,33.77324,0.0,102,11.8,None,4
0041400101,1610612751,101187,12.14655,16.1488,0.0,102,11.8,None,4
0041400101,1610612751,101114,26.74248,39.90632,0.0,102,11.8,None,4
0041400101,1610612751,201152,7.68748,19.43108,0.0,102,11.8,None,4
0041400101,1610612751,202711,28.9261,13.40646,0.0,102,11.8,None,4
0041400101,-1,-1,3.06205,24.72389,4.8484,103,11.8,None,4
0041400101,1610612737,2594,24.25501,23.14263,0.0,103,11.8,None,4
0041400101,1610612737,200794,13.00117,20.20559,0.0,103,11.8,None,4
0041400101,1610612737,201960,63.94434,22.55892,0.0,103,11.8,None,4
0041400101,1610612737,201143,12.79472,29.5481,0.0,103,11.8,None,4
0041400101,1610612737,201952,16.11921,25.24694,0.0,103,11.8,None,4
0041400101,1610612751,2207,7.03109,33.77079,0.0,103,11.8,None,4
0041400101,1610612751,101187,12.10286,16.13718,0.0,103,11.8,None,4
0041400101,1610612751,101114,26.74059,39.90935,0.0,103,11.8,None,4
0041400101,1610612751,201152,7.65371,19.40642,0.0,103,11.8,None,4
0041400101,1610612751,202711,28.94342,13.35955,0.0,103,11.8,None,4
0041400101,-1,-1,3.17537,24.88502,4.7646,104,11.8,None,4
0041400101,1610612737,2594,24.12989,23.17725,0.0,104,11.8,None,4
0041400101,1610612737,200794,13.00719,20.21628,0.0,104,11.8,None,4
0041400101,1610612737,201960,63.94561,22.56014,0.0,104,11.8,None,4
0041400101,1610612737,201143,12.81104,29.57021,0.0,104,11.8,None,4
0041400101,1610612737,201952,16.06621,25.21628,0.0,104,11.8,None,4
0041400101,1610612751,2207,7.03535,33.76649,0.0,104,11.8,None,4
0041400101,1610612751,101187,12.06198,16.12624,0.0,104,11.8,None,4
0041400101,1610612751,101114,26.74146,39.90756,0.0,104,11.8,None,4
0041400101,1610612751,201152,7.61771,19.36839,0.0,104,11.8,None,4
0041400101,1610612751,202711,28.96087,13.31564,0.0,104,11.8,None,4
0041400101,-1,-1,3.43463,24.94903,4.67524,105,11.8,None,4
0041400101,1610612737,2594,24.01146,23.21514,0.0,105,11.8,None,4
0041400101,1610612737,200794,13.01119,20.22329,0.0,105,11.8,None,4
0041400101,1610612737,201960,63.9477,22.56059,0.0,105,11.8,None,4
0041400101,1610612737,201143,12.81795,29.59668,0.0,105,11.8,None,4
0041400101,1610612737,201952,16.01843,25.17266,0.0,105,11.8,None,4
0041400101,1610612751,2207,7.03971,33.76045,0.0,105,11.8,None,4
0041400101,1610612751,101187,12.02713,16.1106,0.0,105,11.8,None,4
0041400101,1610612751,101114,26.74052,39.90908,0.0,105,11.8,None,4
0041400101,1610612751,201152,7.57625,19.33229,0.0,105,11.8,None,4
0041400101,1610612751,202711,28.97842,13.27104,0.0,105,11.8,None,4
0041400101,-1,-1,3.63536,25.0779,4.63476,106,11.8,None,4
0041400101,1610612737,2594,23.90261,23.26007,0.0,106,11.8,None,4
0041400101,1610612737,200794,13.0067,20.22476,0.0,106,11.8,None,4
0041400101,1610612737,201960,63.94783,22.5601,0.0,106,11.8,None,4
0041400101,1610612737,201143,12.83796,29.61975,0.0,106,11.8,None,4
0041400101,1610612737,201952,15.97589,25.12038,0.0,106,11.8,None,4
0041400101,1610612751,2207,7.0438,33.7585,0.0,106,11.8,None,4
0041400101,1610612751,101187,11.99581,16.09603,0.0,106,11.8,None,4
0041400101,1610612751,101114,26.73771,39.9138,0.0,106,11.8,None,4
0041400101,1610612751,201152,7.53358,19.28837,0.0,106,11.8,None,4
0041400101,1610612751,202711,28.99431,13.23321,0.0,106,11.8,None,4
0041400101,-1,-1,4.0403,25.28203,4.65201,107,11.8,None,4
0041400101,1610612737,2594,23.80055,23.30422,0.0,107,11.8,None,4
0041400101,1610612737,200794,12.99454,20.22077,0.0,107,11.8,None,4
0041400101,1610612737,201960,63.9488,22.56092,0.0,107,11.8,None,4
0041400101,1610612737,201143,12.85002,29.65236,0.0,107,11.8,None,4
0041400101,1610612737,201952,15.93561,25.05248,0.0,107,11.8,None,4
0041400101,1610612751,2207,7.04676,33.75764,0.0,107,11.8,None,4
0041400101,1610612751,101187,11.97346,16.07173,0.0,107,11.8,None,4
0041400101,1610612751,101114,26.73913,39.91138,0.0,107,11.8,None,4
0041400101,1610612751,201152,7.48733,19.23901,0.0,107,11.8,None,4
0041400101,1610612751,202711,29.01177,13.1952,0.0,107,11.8,None,4
0041400101,-1,-1,4.17052,25.22097,4.29601,108,11.8,None,4
0041400101,1610612737,2594,23.70681,23.35085,0.0,108,11.8,None,4
0041400101,1610612737,200794,12.98169,20.20493,0.0,108,11.8,None,4
0041400101,1610612737,201960,63.94995,22.56262,0.0,108,11.8,None,4
0041400101,1610612737,201143,12.85711,29.69103,0.0,108,11.8,None,4
0041400101,1610612737,201952,15.89888,24.98258,0.0,108,11.8,None,4
0041400101,1610612751,2207,7.04998,33.75802,0.0,108,11.8,None,4
0041400101,1610612751,101187,11.95682,16.04256,0.0,108,11.8,None,4
0041400101,1610612751,101114,26.73711,39.91274,0.0,108,11.8,None,4
0041400101,1610612751,201152,7.43801,19.18787,0.0,108,11.8,None,4
0041400101,1610612751,202711,29.02654,13.16164,0.0,108,11.8,None,4
0041400101,-1,-1,4.47195,25.39436,4.51422,109,11.8,None,4
0041400101,1610612737,2594,23.61158,23.40271,0.0,109,11.8,None,4
0041400101,1610612737,200794,12.96058,20.1822,0.0,109,11.8,None,4
0041400101,1610612737,201960,63.94231,22.62833,0.0,109,11.8,None,4
0041400101,1610612737,201143,12.86172,29.73306,0.0,109,11.8,None,4
0041400101,1610612737,201952,15.87317,24.89841,0.0,109,11.8,None,4
0041400101,1610612751,2207,7.05636,33.73529,0.0,109,11.8,None,4
0041400101,1610612751,101187,11.94743,16.00648,0.0,109,11.8,None,4
0041400101,1610612751,101114,26.73617,39.91153,0.0,109,11.8,None,4
0041400101,1610612751,201152,7.38767,19.13284,0.0,109,11.8,None,4
0041400101,1610612751,202711,29.03787,13.13668,0.0,109,11.8,None,4
0041400101,-1,-1,4.7097,25.48528,4.49719,110,11.8,None,4
0041400101,1610612737,2594,23.52262,23.45301,0.0,110,11.8,None,4
0041400101,1610612737,200794,12.93392,20.16813,0.0,110,11.8,None,4
0041400101,1610612737,201960,63.94345,22.63003,0.0,110,11.8,None,4
0041400101,1610612737,201143,12.84965,29.80191,0.0,110,11.8,None,4
0041400101,1610612737,201952,15.85878,24.86354,0.0,110,11.8,None,4
0041400101,1610612751,2207,7.05435,33.73444,0.0,110,11.8,None,4
0041400101,1610612751,101187,11.94432,15.95901,0.0,110,11.8,None,4
0041400101,1610612751,101114,26.73566,39.91068,0.0,110,11.8,None,4
0041400101,1610612751,201152,7.33282,19.07491,0.0,110,11.8,None,4
0041400101,1610612751,202711,29.04665,13.11094,0.0,110,11.8,None,4
0041400101,-1,-1,4.83842,25.35234,4.24962,111,11.8,None,4
0041400101,1610612737,2594,23.43824,23.49889,0.0,111,11.8,None,4
0041400101,1610612737,200794,12.90192,20.14138,0.0,111,11.8,None,4
0041400101,1610612737,201960,63.94443,22.63084,0.0,111,11.8,None,4
0041400101,1610612737,201143,12.82671,29.88076,0.0,111,11.8,None,4
0041400101,1610612737,201952,15.81484,24.78943,0.0,111,11.8,None,4
0041400101,1610612751,2207,7.05335,33.73359,0.0,111,11.8,None,4
0041400101,1610612751,101187,11.94856,15.91047,0.0,111,11.8,None,4
0041400101,1610612751,101114,26.73543,39.90836,0.0,111,11.8,None,4
0041400101,1610612751,201152,7.27531,19.01496,0.0,111,11.8,None,4
0041400101,1610612751,202711,29.05347,13.09031,0.0,111,11.8,None,4
0041400101,-1,-1,5.20951,25.51981,4.39632,112,11.8,None,4
0041400101,1610612737,2594,23.36293,23.54954,0.0,112,11.8,None,4
0041400101,1610612737,200794,12.86404,20.10912,0.0,112,11.8,None,4
0041400101,1610612737,201960,63.94576,22.63151,0.0,112,11.8,None,4
0041400101,1610612737,201143,12.80148,29.96107,0.0,112,11.8,None,4
0041400101,1610612737,201952,15.78316,24.75294,0.0,112,11.8,None,4
0041400101,1610612751,2207,7.05132,33.7342,0.0,112,11.8,None,4
0041400101,1610612751,101187,11.956,15.85513,0.0,112,11.8,None,4
0041400101,1610612751,101114,26.7352,39.906,0.0,112,11.8,None,4
0041400101,1610612751,201152,7.21534,18.9546,0.0,112,11.8,None,4
0041400101,1610612751,202711,29.05947,13.07542,0.0,112,11.8,None,4
0041400101,-1,-1,5.2668,25.47347,4.0804,113,11.8,None,4
0041400101,1610612737,2594,23.29051,23.59013,0.0,113,11.8,None,4
0041400101,1610612737,200794,12.81957,20.06854,0.0,113,11.8,None,4
0041400101,1610612737,201960,63.94629,22.63021,0.0,113,11.8,None,4
0041400101,1610612737,201143,12.77531,30.03693,0.0,113,11.8,None,4
0041400101,1610612737,201952,15.75377,24.69332,0.0,113,11.8,None,4
0041400101,1610612751,2207,7.04812,33.73267,0.0,113,11.8,None,4
0041400101,1610612751,101187,11.96608,15.79495,0.0,113,11.8,None,4
0041400101,1610612751,101114,26.73278,39.90811,0.0,113,11.8,None,4
0041400101,1610612751,201152,7.15637,18.88165,0.0,113,11.8,None,4
0041400101,1610612751,202711,29.06481,13.0638,0.0,113,11.8,None,4
0041400101,-1,-1,5.46165,25.49956,4.18181,114,11.8,None,4
0041400101,1610612737,2594,23.22465,23.63044,0.0,114,11.8,None,4
0041400101,1610612737,200794,12.77104,20.01887,0.0,114,11.8,None,4
0041400101,1610612737,201960,63.94706,22.63034,0.0,114,11.8,None,4
0041400101,1610612737,201143,12.7376,30.13058,0.0,114,11.8,None,4
0041400101,1610612737,201952,15.72162,24.64614,0.0,114,11.8,None,4
0041400101,1610612751,2207,7.04667,33.73231,0.0,114,11.8,None,4
0041400101,1610612751,101187,11.98222,15.73031,0.0,114,11.8,None,4
0041400101,1610612751,101114,26.73281,39.90468,0.0,114,11.8,None,4
0041400101,1610612751,201152,7.09717,18.80872,0.0,114,11.8,None,4
0041400101,1610612751,202711,29.06914,13.0544,0.0,114,11.8,None,4
0041400101,-1,-1,5.68312,25.49519,4.18662,115,11.8,None,4
0041400101,1610612737,2594,23.15966,23.6713,0.0,115,11.8,None,4
0041400101,1610612737,200794,12.72101,19.96747,0.0,115,11.8,None,4
0041400101,1610612737,201960,63.94789,22.6311,0.0,115,11.8,None,4
0041400101,1610612737,201143,12.70211,30.21709,0.0,115,11.8,None,4
0041400101,1610612737,201952,15.73176,24.59099,0.0,115,11.8,None,4
0041400101,1610612751,2207,7.04391,33.73224,0.0,115,11.8,None,4
0041400101,1610612751,101187,11.99894,15.66409,0.0,115,11.8,None,4
0041400101,1610612751,101114,26.7315,39.90344,0.0,115,11.8,None,4
0041400101,1610612751,201152,7.04296,18.73994,0.0,115,11.8,None,4
0041400101,1610612751,202711,29.07509,13.04883,0.0,115,11.8,None,4
0041400101,-1,-1,5.70829,25.57088,4.08144,116,11.8,None,4
0041400101,1610612737,2594,23.09498,23.70546,0.0,116,11.8,None,4
0041400101,1610612737,200794,12.67104,19.91551,0.0,116,11.8,None,4
0041400101,1610612737,201960,63.94831,22.62995,0.0,116,11.8,None,4
0041400101,1610612737,201143,12.66,30.3036,0.0,116,11.8,None,4
0041400101,1610612737,201952,15.73872,24.53322,0.0,116,11.8,None,4
0041400101,1610612751,2207,7.04134,33.73324,0.0,116,11.8,None,4
0041400101,1610612751,101187,12.01814,15.59701,0.0,116,11.8,None,4
0041400101,1610612751,101114,26.72968,39.90026,0.0,116,11.8,None,4
0041400101,1610612751,201152,6.99029,18.67948,0.0,116,11.8,None,4
0041400101,1610612751,202711,29.07129,13.04237,0.0,116,11.8,None,4
0041400101,-1,-1,5.90442,25.4908,4.1915,117,11.8,None,4
0041400101,1610612737,2594,23.0452,23.7416,0.0,117,11.8,None,4
0041400101,1610612737,200794,12.62391,19.85652,0.0,117,11.8,None,4
0041400101,1610612737,201960,63.94905,22.629,0.0,117,11.8,None,4
0041400101,1610612737,201143,12.61374,30.38825,0.0,117,11.8,None,4
0041400101,1610612737,201952,15.74996,24.47961,0.0,117,11.8,None,4
0041400101,1610612751,2207,7.03908,33.73494,0.0,117,11.8,None,4
0041400101,1610612751,101187,12.03837,15.53025,0.0,117,11.8,None,4
0041400101,1610612751,101114,26.72682,39.89946,0.0,117,11.8,None,4
0041400101,1610612751,201152,6.94332,18.61498,0.0,117,11.8,None,4
0041400101,1610612751,202711,29.0661,13.03697,0.0,117,11.8,None,4
0041400101,-1,-1,5.96157,25.53154,4.13472,118,11.8,None,4
0041400101,1610612737,2594,23.00006,23.77244,0.0,118,11.8,None,4
0041400101,1610612737,200794,12.56881,19.80305,0.0,118,11.8,None,4
0041400101,1610612737,201960,63.94819,22.6271,0.0,118,11.8,None,4
0041400101,1610612737,201143,12.55723,30.47401,0.0,118,11.8,None,4
0041400101,1610612737,201952,15.76812,24.42952,0.0,118,11.8,None,4
0041400101,1610612751,2207,7.03549,33.73781,0.0,118,11.8,None,4
0041400101,1610612751,101187,12.06028,15.46482,0.0,118,11.8,None,4
0041400101,1610612751,101114,26.72625,39.8951,0.0,118,11.8,None,4
0041400101,1610612751,201152,6.89677,18.54797,0.0,118,11.8,None,4
0041400101,1610612751,202711,29.05993,13.03449,0.0,118,11.8,None,4
0041400101,-1,-1,6.13967,25.54305,4.11799,119,11.8,None,4
0041400101,1610612737,2594,22.9622,23.80551,0.0,119,11.8,None,4
0041400101,1610612737,200794,12.50987,19.74484,0.0,119,11.8,None,4
0041400101,1610612737,201960,63.9476,22.62731,0.0,119,11.8,None,4
0041400101,1610612737,201143,12.49501,30.5454,0.0,119,11.8,None,4
0041400101,1610612737,201952,15.79062,24.38975,0.0,119,11.8,None,4
0041400101,1610612751,2207,7.03282,33.73928,0.0,119,11.8,None,4
0041400101,1610612751,101187,12.08265,15.39893,0.0,119,11.8,None,4
0041400101,1610612751,101114,26.72421,39.89545,0.0,119,11.8,None,4
0041400101,1610612751,201152,6.85337,18.4784,0.0,119,11.8,None,4
0041400101,1610612751,202711,29.05309,13.0382,0.0,119,11.8,None,4
0041400101,-1,-1,6.2576,25.47627,4.20976,120,11.8,None,4
0041400101,1610612737,2594,22.9211,23.8333,0.0,120,11.8,None,4
0041400101,1610612737,200794,12.4449,19.68231,0.0,120,11.8,None,4
0041400101,1610612737,201960,63.94709,22.62813,0.0,120,11.8,None,4
0041400101,1610612737,201143,12.42723,30.62171,0.0,120,11.8,None,4
0041400101,1610612737,201952,15.8213,24.34974,0.0,120,11.8,None,4
0041400101,1610612751,2207,7.03003,33.74119,0.0,120,11.8,None,4
0041400101,1610612751,101187,12.10658,15.33365,0.0,120,11.8,None,4
0041400101,1610612751,101114,26.72309,39.89329,0.0,120,11.8,None,4
0041400101,1610612751,201152,6.81559,18.40779,0.0,120,11.8,None,4
0041400101,1610612751,202711,29.04456,13.04685,0.0,120,11.8,None,4
0041400101,-1,-1,6.20982,25.49638,4.04335,121,11.8,None,4
0041400101,1610612737,2594,22.87633,23.85429,0.0,121,11.8,None,4
0041400101,1610612737,200794,12.37969,19.62258,0.0,121,11.8,None,4
0041400101,1610612737,201960,63.94617,22.62632,0.0,121,11.8,None,4
0041400101,1610612737,201143,12.34313,30.69934,0.0,121,11.8,None,4
0041400101,1610612737,201952,15.85862,24.31756,0.0,121,11.8,None,4
0041400101,1610612751,2207,7.02674,33.74381,0.0,121,11.8,None,4
0041400101,1610612751,101187,12.1307,15.27006,0.0,121,11.8,None,4
0041400101,1610612751,101114,26.72225,39.88682,0.0,121,11.8,None,4
0041400101,1610612751,201152,6.77749,18.33999,0.0,121,11.8,None,4
0041400101,1610612751,202711,29.0372,13.0585,0.0,121,11.8,None,4
0041400101,-1,-1,6.27473,25.57055,4.07967,122,11.8,None,4
0041400101,1610612737,2594,22.83595,23.86904,0.0,122,11.8,None,4
0041400101,1610612737,200794,12.30982,19.56437,0.0,122,11.8,None,4
0041400101,1610612737,201960,63.94563,22.62345,0.0,122,11.8,None,4
0041400101,1610612737,201143,12.25622,30.78009,0.0,122,11.8,None,4
0041400101,1610612737,201952,15.90865,24.28839,0.0,122,11.8,None,4
0041400101,1610612751,2207,7.02463,33.7461,0.0,122,11.8,None,4
0041400101,1610612751,101187,12.14874,15.21757,0.0,122,11.8,None,4
0041400101,1610612751,101114,26.7208,39.88337,0.0,122,11.8,None,4
0041400101,1610612751,201152,6.74417,18.27312,0.0,122,11.8,None,4
0041400101,1610612751,202711,29.02604,13.07287,0.0,122,11.8,None,4
0041400101,-1,-1,6.17505,25.49401,4.04669,123,11.8,None,4
0041400101,1610612737,2594,22.79658,23.87704,0.0,123,11.8,None,4
0041400101,1610612737,200794,12.23874,19.51117,0.0,123,11.8,None,4
0041400101,1610612737,201960,63.94521,22.62242,0.0,123,11.8,None,4
0041400101,1610612737,201143,12.1696,30.8564,0.0,123,11.8,None,4
0041400101,1610612737,201952,15.96673,24.26862,0.0,123,11.8,None,4
0041400101,1610612751,2207,7.02159,33.7467,0.0,123,11.8,None,4
0041400101,1610612751,101187,12.16672,15.16919,0.0,123,11.8,None,4
0041400101,1610612751,101114,26.71908,39.87994,0.0,123,11.8,None,4
0041400101,1610612751,201152,6.71567,18.20125,0.0,123,11.8,None,4
0041400101,1610612751,202711,29.01635,13.08998,0.0,123,11.8,None,4
0041400101,-1,-1,6.38906,25.65195,3.96606,124,11.8,None,4
0041400101,1610612737,2594,22.75607,23.87814,0.0,124,11.8,None,4
0041400101,1610612737,200794,12.17216,19.44893,0.0,124,11.8,None,4
0041400101,1610612737,201960,63.945,22.62064,0.0,124,11.8,None,4
0041400101,1610612737,201143,12.08328,30.92985,0.0,124,11.8,None,4
0041400101,1610612737,201952,16.03447,24.24749,0.0,124,11.8,None,4
0041400101,1610612751,2207,7.0199,33.74683,0.0,124,11.8,None,4
0041400101,1610612751,101187,12.18401,15.12984,0.0,124,11.8,None,4
0041400101,1610612751,101114,26.71859,39.87611,0.0,124,11.8,None,4
0041400101,1610612751,201152,6.69014,18.12958,0.0,124,11.8,None,4
0041400101,1610612751,202711,29.00554,13.11035,0.0,124,11.8,None,4
